zone_id,multihazard_degree,neighbors
-1_121,9,"depth_class:shallow, depth_class:intermediate, depth_class:deep, mag_band:4.0-4.5, mag_band:4.5-5.5, mag_band:5.5-6.5, mag_band:6.5+, tsunami_cat:tsunami_tidak, tsunami_cat:tsunami_ya"
1_126,9,"depth_class:shallow, depth_class:intermediate, depth_class:deep, mag_band:4.0-4.5, mag_band:4.5-5.5, mag_band:5.5-6.5, mag_band:6.5+, tsunami_cat:tsunami_tidak, tsunami_cat:tsunami_ya"
-3_138,9,"depth_class:shallow, depth_class:intermediate, depth_class:deep, mag_band:4.0-4.5, mag_band:4.5-5.5, mag_band:5.5-6.5, mag_band:6.5+, tsunami_cat:tsunami_tidak, tsunami_cat:tsunami_ya"
2_126,9,"depth_class:shallow, depth_class:intermediate, depth_class:deep, mag_band:4.0-4.5, mag_band:4.5-5.5, mag_band:5.5-6.5, mag_band:6.5+, tsunami_cat:tsunami_tidak, tsunami_cat:tsunami_ya"
2_128,9,"depth_class:intermediate, depth_class:shallow, depth_class:deep, mag_band:4.0-4.5, mag_band:4.5-5.5, mag_band:5.5-6.5, mag_band:6.5+, tsunami_cat:tsunami_tidak, tsunami_cat:tsunami_ya"
-7_116,9,"depth_class:deep, depth_class:shallow, depth_class:intermediate, mag_band:4.0-4.5, mag_band:4.5-5.5, mag_band:5.5-6.5, mag_band:6.5+, tsunami_cat:tsunami_tidak, tsunami_cat:tsunami_ya"
-8_122,9,"depth_class:intermediate, depth_class:shallow, depth_class:deep, mag_band:4.0-4.5, mag_band:4.5-5.5, mag_band:5.5-6.5, mag_band:6.5+, tsunami_cat:tsunami_tidak, tsunami_cat:tsunami_ya"
2_127,9,"depth_class:shallow, depth_class:intermediate, depth_class:deep, mag_band:4.0-4.5, mag_band:4.5-5.5, mag_band:5.5-6.5, mag_band:6.5+, tsunami_cat:tsunami_tidak, tsunami_cat:tsunami_ya"
-7_131,9,"depth_class:shallow, depth_class:intermediate, depth_class:deep, mag_band:4.0-4.5, mag_band:4.5-5.5, mag_band:5.5-6.5, mag_band:6.5+, tsunami_cat:tsunami_tidak, tsunami_cat:tsunami_ya"
-3_139,9,"depth_class:shallow, depth_class:intermediate, depth_class:deep, mag_band:4.0-4.5, mag_band:4.5-5.5, mag_band:5.5-6.5, mag_band:6.5+, tsunami_cat:tsunami_tidak, tsunami_cat:tsunami_ya"
-7_129,9,"depth_class:intermediate, depth_class:shallow, depth_class:deep, mag_band:4.0-4.5, mag_band:4.5-5.5, mag_band:5.5-6.5, mag_band:6.5+, tsunami_cat:tsunami_tidak, tsunami_cat:tsunami_ya"
-8_108,8,"depth_class:intermediate, depth_class:shallow, depth_class:deep, mag_band:4.0-4.5, mag_band:4.5-5.5, mag_band:5.5-6.5, mag_band:6.5+, tsunami_cat:tsunami_tidak"
-10_122,8,"depth_class:intermediate, depth_class:shallow, depth_class:deep, mag_band:4.0-4.5, mag_band:4.5-5.5, mag_band:5.5-6.5, mag_band:6.5+, tsunami_cat:tsunami_tidak"
-5_123,8,"depth_class:shallow, depth_class:intermediate, depth_class:deep, mag_band:4.5-5.5, mag_band:4.0-4.5, mag_band:5.5-6.5, mag_band:6.5+, tsunami_cat:tsunami_tidak"
1_123,8,"depth_class:shallow, depth_class:intermediate, depth_class:deep, mag_band:4.0-4.5, mag_band:4.5-5.5, mag_band:5.5-6.5, mag_band:6.5+, tsunami_cat:tsunami_tidak"
-4_119,8,"depth_class:shallow, depth_class:intermediate, depth_class:deep, mag_band:4.0-4.5, mag_band:4.5-5.5, mag_band:5.5-6.5, mag_band:6.5+, tsunami_cat:tsunami_tidak"
-1_101,8,"depth_class:intermediate, depth_class:shallow, depth_class:deep, mag_band:4.0-4.5, mag_band:4.5-5.5, mag_band:5.5-6.5, mag_band:6.5+, tsunami_cat:tsunami_tidak"
-5_126,8,"depth_class:deep, depth_class:shallow, depth_class:intermediate, mag_band:4.0-4.5, mag_band:4.5-5.5, mag_band:5.5-6.5, mag_band:6.5+, tsunami_cat:tsunami_tidak"
-8_101,8,"depth_class:shallow, depth_class:intermediate, depth_class:deep, mag_band:4.0-4.5, mag_band:4.5-5.5, mag_band:5.5-6.5, mag_band:6.5+, tsunami_cat:tsunami_tidak"
-5_100,8,"depth_class:shallow, depth_class:intermediate, depth_class:deep, mag_band:4.0-4.5, mag_band:4.5-5.5, mag_band:6.5+, mag_band:5.5-6.5, tsunami_cat:tsunami_tidak"
-9_113,8,"depth_class:intermediate, depth_class:shallow, depth_class:deep, mag_band:4.0-4.5, mag_band:4.5-5.5, mag_band:5.5-6.5, mag_band:6.5+, tsunami_cat:tsunami_tidak"
-2_119,8,"depth_class:shallow, depth_class:intermediate, depth_class:deep, mag_band:4.0-4.5, mag_band:4.5-5.5, mag_band:5.5-6.5, mag_band:6.5+, tsunami_cat:tsunami_tidak"
-11_119,8,"depth_class:shallow, depth_class:intermediate, depth_class:deep, mag_band:4.0-4.5, mag_band:4.5-5.5, mag_band:5.5-6.5, mag_band:6.5+, tsunami_cat:tsunami_tidak"
0_120,8,"depth_class:shallow, depth_class:intermediate, depth_class:deep, mag_band:4.0-4.5, mag_band:4.5-5.5, mag_band:5.5-6.5, mag_band:6.5+, tsunami_cat:tsunami_tidak"
-8_112,8,"depth_class:intermediate, depth_class:shallow, depth_class:deep, mag_band:4.0-4.5, mag_band:4.5-5.5, mag_band:5.5-6.5, mag_band:6.5+, tsunami_cat:tsunami_tidak"
-9_110,8,"depth_class:intermediate, depth_class:shallow, depth_class:deep, mag_band:4.0-4.5, mag_band:4.5-5.5, mag_band:5.5-6.5, mag_band:6.5+, tsunami_cat:tsunami_tidak"
1_118,8,"depth_class:shallow, depth_class:intermediate, depth_class:deep, mag_band:4.0-4.5, mag_band:4.5-5.5, mag_band:5.5-6.5, mag_band:6.5+, tsunami_cat:tsunami_tidak"
-2_125,8,"depth_class:shallow, depth_class:intermediate, depth_class:deep, mag_band:4.0-4.5, mag_band:4.5-5.5, mag_band:5.5-6.5, mag_band:6.5+, tsunami_cat:tsunami_tidak"
-3_136,8,"depth_class:shallow, depth_class:intermediate, depth_class:deep, mag_band:4.0-4.5, mag_band:4.5-5.5, mag_band:5.5-6.5, mag_band:6.5+, tsunami_cat:tsunami_tidak"
4_126,8,"depth_class:shallow, depth_class:intermediate, depth_class:deep, mag_band:4.0-4.5, mag_band:4.5-5.5, mag_band:5.5-6.5, mag_band:6.5+, tsunami_cat:tsunami_tidak"
-5_131,8,"depth_class:shallow, depth_class:intermediate, depth_class:deep, mag_band:4.0-4.5, mag_band:4.5-5.5, mag_band:5.5-6.5, mag_band:6.5+, tsunami_cat:tsunami_tidak"
-4_134,8,"depth_class:shallow, depth_class:intermediate, depth_class:deep, mag_band:4.0-4.5, mag_band:4.5-5.5, mag_band:5.5-6.5, mag_band:6.5+, tsunami_cat:tsunami_tidak"
-6_126,8,"depth_class:deep, depth_class:shallow, depth_class:intermediate, mag_band:4.0-4.5, mag_band:4.5-5.5, mag_band:5.5-6.5, mag_band:6.5+, tsunami_cat:tsunami_tidak"
1_132,8,"depth_class:shallow, depth_class:intermediate, depth_class:deep, mag_band:4.5-5.5, mag_band:4.0-4.5, mag_band:5.5-6.5, mag_band:6.5+, tsunami_cat:tsunami_tidak"
3_132,8,"depth_class:shallow, depth_class:intermediate, depth_class:deep, mag_band:4.0-4.5, mag_band:4.5-5.5, mag_band:5.5-6.5, mag_band:6.5+, tsunami_cat:tsunami_tidak"
-3_95,8,"depth_class:shallow, depth_class:intermediate, depth_class:deep, mag_band:4.0-4.5, mag_band:4.5-5.5, mag_band:5.5-6.5, mag_band:6.5+, tsunami_cat:tsunami_tidak"
-7_117,8,"depth_class:shallow, depth_class:deep, depth_class:intermediate, mag_band:4.0-4.5, mag_band:4.5-5.5, mag_band:5.5-6.5, mag_band:6.5+, tsunami_cat:tsunami_tidak"
-4_123,8,"depth_class:shallow, depth_class:intermediate, depth_class:deep, mag_band:4.0-4.5, mag_band:4.5-5.5, mag_band:5.5-6.5, mag_band:6.5+, tsunami_cat:tsunami_tidak"
-5_105,8,"depth_class:shallow, depth_class:intermediate, depth_class:deep, mag_band:4.0-4.5, mag_band:4.5-5.5, mag_band:5.5-6.5, mag_band:6.5+, tsunami_cat:tsunami_tidak"
-5_137,8,"depth_class:shallow, depth_class:intermediate, depth_class:deep, mag_band:4.0-4.5, mag_band:4.5-5.5, mag_band:5.5-6.5, mag_band:6.5+, tsunami_cat:tsunami_tidak"
-3_125,8,"depth_class:shallow, depth_class:intermediate, depth_class:deep, mag_band:4.0-4.5, mag_band:4.5-5.5, mag_band:5.5-6.5, mag_band:6.5+, tsunami_cat:tsunami_tidak"
-1_130,8,"depth_class:shallow, depth_class:intermediate, depth_class:deep, mag_band:4.0-4.5, mag_band:4.5-5.5, mag_band:5.5-6.5, mag_band:6.5+, tsunami_cat:tsunami_tidak"
-2_115,8,"depth_class:shallow, depth_class:intermediate, depth_class:deep, mag_band:4.0-4.5, mag_band:4.5-5.5, mag_band:5.5-6.5, mag_band:6.5+, tsunami_cat:tsunami_tidak"
-10_108,8,"depth_class:shallow, depth_class:intermediate, depth_class:deep, mag_band:4.5-5.5, mag_band:4.0-4.5, mag_band:5.5-6.5, mag_band:6.5+, tsunami_cat:tsunami_tidak"
-3_119,8,"depth_class:shallow, depth_class:intermediate, depth_class:deep, mag_band:4.0-4.5, mag_band:4.5-5.5, mag_band:5.5-6.5, mag_band:6.5+, tsunami_cat:tsunami_tidak"
0_95,8,"depth_class:shallow, depth_class:intermediate, depth_class:deep, mag_band:4.5-5.5, mag_band:4.0-4.5, mag_band:5.5-6.5, mag_band:6.5+, tsunami_cat:tsunami_tidak"
3_124,8,"depth_class:deep, depth_class:intermediate, depth_class:shallow, mag_band:4.0-4.5, mag_band:4.5-5.5, mag_band:5.5-6.5, mag_band:6.5+, tsunami_cat:tsunami_tidak"
-5_140,8,"depth_class:shallow, depth_class:intermediate, depth_class:deep, mag_band:4.0-4.5, mag_band:4.5-5.5, mag_band:5.5-6.5, mag_band:6.5+, tsunami_cat:tsunami_tidak"
-2_135,8,"depth_class:shallow, depth_class:intermediate, depth_class:deep, mag_band:4.0-4.5, mag_band:4.5-5.5, mag_band:5.5-6.5, mag_band:6.5+, tsunami_cat:tsunami_tidak"
-3_112,8,"depth_class:shallow, depth_class:intermediate, depth_class:deep, mag_band:4.0-4.5, mag_band:4.5-5.5, mag_band:5.5-6.5, mag_band:6.5+, tsunami_cat:tsunami_tidak"
-10_120,8,"depth_class:intermediate, depth_class:shallow, depth_class:deep, mag_band:4.0-4.5, mag_band:4.5-5.5, mag_band:5.5-6.5, mag_band:6.5+, tsunami_cat:tsunami_tidak"
1_129,8,"depth_class:shallow, depth_class:intermediate, depth_class:deep, mag_band:4.0-4.5, mag_band:4.5-5.5, mag_band:5.5-6.5, mag_band:6.5+, tsunami_cat:tsunami_tidak"
-11_108,8,"depth_class:shallow, depth_class:intermediate, depth_class:deep, mag_band:4.0-4.5, mag_band:4.5-5.5, mag_band:5.5-6.5, mag_band:6.5+, tsunami_cat:tsunami_tidak"
-7_107,8,"depth_class:intermediate, depth_class:shallow, depth_class:deep, mag_band:4.0-4.5, mag_band:4.5-5.5, mag_band:5.5-6.5, mag_band:6.5+, tsunami_cat:tsunami_tidak"
-8_111,8,"depth_class:intermediate, depth_class:shallow, depth_class:deep, mag_band:4.0-4.5, mag_band:4.5-5.5, mag_band:5.5-6.5, mag_band:6.5+, tsunami_cat:tsunami_tidak"
0_132,8,"depth_class:shallow, depth_class:intermediate, depth_class:deep, mag_band:4.0-4.5, mag_band:4.5-5.5, mag_band:5.5-6.5, mag_band:6.5+, tsunami_cat:tsunami_tidak"
2_121,8,"depth_class:deep, depth_class:shallow, depth_class:intermediate, mag_band:4.0-4.5, mag_band:4.5-5.5, mag_band:5.5-6.5, mag_band:6.5+, tsunami_cat:tsunami_tidak"
-2_99,8,"depth_class:shallow, depth_class:intermediate, depth_class:deep, mag_band:4.0-4.5, mag_band:4.5-5.5, mag_band:5.5-6.5, mag_band:6.5+, tsunami_cat:tsunami_tidak"
-8_102,8,"depth_class:shallow, depth_class:intermediate, depth_class:deep, mag_band:4.5-5.5, mag_band:4.0-4.5, mag_band:5.5-6.5, mag_band:6.5+, tsunami_cat:tsunami_tidak"
-2_102,8,"depth_class:intermediate, depth_class:deep, depth_class:shallow, mag_band:4.0-4.5, mag_band:4.5-5.5, mag_band:5.5-6.5, mag_band:6.5+, tsunami_cat:tsunami_tidak"
-2_101,8,"depth_class:intermediate, depth_class:shallow, depth_class:deep, mag_band:4.0-4.5, mag_band:4.5-5.5, mag_band:5.5-6.5, mag_band:6.5+, tsunami_cat:tsunami_tidak"
-11_111,8,"depth_class:shallow, depth_class:intermediate, depth_class:deep, mag_band:4.0-4.5, mag_band:4.5-5.5, mag_band:5.5-6.5, mag_band:6.5+, tsunami_cat:tsunami_tidak"
-8_116,8,"depth_class:intermediate, depth_class:shallow, depth_class:deep, mag_band:4.0-4.5, mag_band:4.5-5.5, mag_band:5.5-6.5, mag_band:6.5+, tsunami_cat:tsunami_tidak"
-3_109,8,"depth_class:shallow, depth_class:intermediate, depth_class:deep, mag_band:4.0-4.5, mag_band:4.5-5.5, mag_band:5.5-6.5, mag_band:6.5+, tsunami_cat:tsunami_tidak"
2_122,8,"depth_class:deep, depth_class:shallow, depth_class:intermediate, mag_band:4.0-4.5, mag_band:4.5-5.5, mag_band:5.5-6.5, mag_band:6.5+, tsunami_cat:tsunami_tidak"
-6_101,8,"depth_class:shallow, depth_class:intermediate, depth_class:deep, mag_band:4.0-4.5, mag_band:4.5-5.5, mag_band:5.5-6.5, mag_band:6.5+, tsunami_cat:tsunami_tidak"
2_100,8,"depth_class:shallow, depth_class:intermediate, depth_class:deep, mag_band:4.0-4.5, mag_band:4.5-5.5, mag_band:5.5-6.5, mag_band:6.5+, tsunami_cat:tsunami_tidak"
3_123,8,"depth_class:deep, depth_class:intermediate, depth_class:shallow, mag_band:4.0-4.5, mag_band:4.5-5.5, mag_band:5.5-6.5, mag_band:6.5+, tsunami_cat:tsunami_tidak"
-3_99,8,"depth_class:shallow, depth_class:intermediate, depth_class:deep, mag_band:4.5-5.5, mag_band:4.0-4.5, mag_band:5.5-6.5, mag_band:6.5+, tsunami_cat:tsunami_tidak"
5_127,8,"depth_class:shallow, depth_class:intermediate, depth_class:deep, mag_band:4.0-4.5, mag_band:4.5-5.5, mag_band:5.5-6.5, mag_band:6.5+, tsunami_cat:tsunami_tidak"
-6_124,8,"depth_class:shallow, depth_class:deep, depth_class:intermediate, mag_band:4.5-5.5, mag_band:5.5-6.5, mag_band:4.0-4.5, mag_band:6.5+, tsunami_cat:tsunami_tidak"
-6_111,8,"depth_class:deep, depth_class:shallow, depth_class:intermediate, mag_band:4.0-4.5, mag_band:4.5-5.5, mag_band:5.5-6.5, mag_band:6.5+, tsunami_cat:tsunami_tidak"
-2_138,8,"depth_class:shallow, depth_class:intermediate, depth_class:deep, mag_band:4.0-4.5, mag_band:4.5-5.5, mag_band:5.5-6.5, mag_band:6.5+, tsunami_cat:tsunami_tidak"
-8_131,8,"depth_class:shallow, depth_class:intermediate, depth_class:deep, mag_band:4.0-4.5, mag_band:4.5-5.5, mag_band:5.5-6.5, mag_band:6.5+, tsunami_cat:tsunami_tidak"
-8_109,8,"depth_class:intermediate, depth_class:shallow, depth_class:deep, mag_band:4.0-4.5, mag_band:4.5-5.5, mag_band:5.5-6.5, mag_band:6.5+, tsunami_cat:tsunami_tidak"
-5_124,8,"depth_class:shallow, depth_class:intermediate, depth_class:deep, mag_band:4.5-5.5, mag_band:4.0-4.5, mag_band:5.5-6.5, mag_band:6.5+, tsunami_cat:tsunami_tidak"
0_129,8,"depth_class:shallow, depth_class:intermediate, depth_class:deep, mag_band:4.0-4.5, mag_band:4.5-5.5, mag_band:5.5-6.5, mag_band:6.5+, tsunami_cat:tsunami_tidak"
-7_101,8,"depth_class:shallow, depth_class:intermediate, depth_class:deep, mag_band:4.5-5.5, mag_band:4.0-4.5, mag_band:5.5-6.5, mag_band:6.5+, tsunami_cat:tsunami_tidak"
2_98,8,"depth_class:intermediate, depth_class:shallow, depth_class:deep, mag_band:4.0-4.5, mag_band:4.5-5.5, mag_band:5.5-6.5, mag_band:6.5+, tsunami_cat:tsunami_tidak"
-3_121,8,"depth_class:shallow, depth_class:intermediate, depth_class:deep, mag_band:4.0-4.5, mag_band:4.5-5.5, mag_band:5.5-6.5, mag_band:6.5+, tsunami_cat:tsunami_tidak"
1_98,8,"depth_class:intermediate, depth_class:shallow, depth_class:deep, mag_band:4.0-4.5, mag_band:4.5-5.5, mag_band:5.5-6.5, mag_band:6.5+, tsunami_cat:tsunami_tidak"
-8_130,8,"depth_class:shallow, depth_class:intermediate, depth_class:deep, mag_band:4.0-4.5, mag_band:4.5-5.5, mag_band:5.5-6.5, mag_band:6.5+, tsunami_cat:tsunami_tidak"
-5_104,8,"depth_class:intermediate, depth_class:shallow, depth_class:deep, mag_band:4.0-4.5, mag_band:4.5-5.5, mag_band:5.5-6.5, mag_band:6.5+, tsunami_cat:tsunami_tidak"
3_96,8,"depth_class:shallow, depth_class:intermediate, depth_class:deep, mag_band:4.0-4.5, mag_band:4.5-5.5, mag_band:5.5-6.5, mag_band:6.5+, tsunami_cat:tsunami_tidak"
-10_114,8,"depth_class:shallow, depth_class:intermediate, depth_class:deep, mag_band:4.0-4.5, mag_band:4.5-5.5, mag_band:5.5-6.5, mag_band:6.5+, tsunami_cat:tsunami_tidak"
-2_118,8,"depth_class:shallow, depth_class:intermediate, depth_class:deep, mag_band:4.0-4.5, mag_band:4.5-5.5, mag_band:5.5-6.5, mag_band:6.5+, tsunami_cat:tsunami_tidak"
-2_139,8,"depth_class:shallow, depth_class:intermediate, depth_class:deep, mag_band:4.0-4.5, mag_band:4.5-5.5, mag_band:5.5-6.5, mag_band:6.5+, tsunami_cat:tsunami_tidak"
4_128,8,"depth_class:shallow, depth_class:intermediate, depth_class:deep, mag_band:4.0-4.5, mag_band:4.5-5.5, mag_band:5.5-6.5, mag_band:6.5+, tsunami_cat:tsunami_tidak"
-4_137,8,"depth_class:shallow, depth_class:intermediate, depth_class:deep, mag_band:4.0-4.5, mag_band:4.5-5.5, mag_band:5.5-6.5, mag_band:6.5+, tsunami_cat:tsunami_tidak"
2_123,8,"depth_class:deep, depth_class:shallow, depth_class:intermediate, mag_band:4.0-4.5, mag_band:4.5-5.5, mag_band:5.5-6.5, mag_band:6.5+, tsunami_cat:tsunami_tidak"
-10_105,8,"depth_class:shallow, depth_class:intermediate, depth_class:deep, mag_band:4.5-5.5, mag_band:4.0-4.5, mag_band:5.5-6.5, mag_band:6.5+, tsunami_cat:tsunami_tidak"
-9_127,8,"depth_class:shallow, depth_class:intermediate, depth_class:deep, mag_band:4.0-4.5, mag_band:4.5-5.5, mag_band:5.5-6.5, mag_band:6.5+, tsunami_cat:tsunami_tidak"
-8_133,8,"depth_class:shallow, depth_class:intermediate, depth_class:deep, mag_band:4.0-4.5, mag_band:4.5-5.5, mag_band:5.5-6.5, mag_band:6.5+, tsunami_cat:tsunami_tidak"
-7_113,8,"depth_class:deep, depth_class:shallow, depth_class:intermediate, mag_band:4.0-4.5, mag_band:4.5-5.5, mag_band:5.5-6.5, mag_band:6.5+, tsunami_cat:tsunami_tidak"
1_120,8,"depth_class:shallow, depth_class:deep, depth_class:intermediate, mag_band:4.0-4.5, mag_band:4.5-5.5, mag_band:5.5-6.5, mag_band:6.5+, tsunami_cat:tsunami_tidak"
0_119,8,"depth_class:shallow, depth_class:intermediate, depth_class:deep, mag_band:4.0-4.5, mag_band:4.5-5.5, mag_band:5.5-6.5, mag_band:6.5+, tsunami_cat:tsunami_tidak"
-1_120,8,"depth_class:shallow, depth_class:intermediate, depth_class:deep, mag_band:4.0-4.5, mag_band:4.5-5.5, mag_band:5.5-6.5, mag_band:6.5+, tsunami_cat:tsunami_tidak"
3_125,8,"depth_class:intermediate, depth_class:shallow, depth_class:deep, mag_band:4.0-4.5, mag_band:4.5-5.5, mag_band:5.5-6.5, mag_band:6.5+, tsunami_cat:tsunami_tidak"
-2_126,8,"depth_class:shallow, depth_class:intermediate, depth_class:deep, mag_band:4.0-4.5, mag_band:4.5-5.5, mag_band:5.5-6.5, mag_band:6.5+, tsunami_cat:tsunami_tidak"
-11_115,8,"depth_class:shallow, depth_class:intermediate, depth_class:deep, mag_band:4.0-4.5, mag_band:4.5-5.5, mag_band:5.5-6.5, mag_band:6.5+, tsunami_cat:tsunami_tidak"
-5_135,8,"depth_class:shallow, depth_class:intermediate, depth_class:deep, mag_band:4.0-4.5, mag_band:4.5-5.5, mag_band:5.5-6.5, mag_band:6.5+, tsunami_cat:tsunami_tidak"
-11_107,8,"depth_class:shallow, depth_class:intermediate, depth_class:deep, mag_band:4.0-4.5, mag_band:4.5-5.5, mag_band:5.5-6.5, mag_band:6.5+, tsunami_cat:tsunami_tidak"
-6_106,8,"depth_class:intermediate, depth_class:deep, depth_class:shallow, mag_band:4.0-4.5, mag_band:4.5-5.5, mag_band:5.5-6.5, mag_band:6.5+, tsunami_cat:tsunami_tidak"
-7_123,8,"depth_class:deep, depth_class:shallow, depth_class:intermediate, mag_band:4.0-4.5, mag_band:4.5-5.5, mag_band:6.5+, mag_band:5.5-6.5, tsunami_cat:tsunami_tidak"
-7_122,8,"depth_class:shallow, depth_class:intermediate, depth_class:deep, mag_band:4.0-4.5, mag_band:4.5-5.5, mag_band:5.5-6.5, mag_band:6.5+, tsunami_cat:tsunami_tidak"
-9_129,8,"depth_class:shallow, depth_class:intermediate, depth_class:deep, mag_band:4.0-4.5, mag_band:4.5-5.5, mag_band:5.5-6.5, mag_band:6.5+, tsunami_cat:tsunami_tidak"
-2_97,8,"depth_class:shallow, depth_class:intermediate, depth_class:deep, mag_band:4.0-4.5, mag_band:4.5-5.5, mag_band:5.5-6.5, mag_band:6.5+, tsunami_cat:tsunami_tidak"
-5_128,8,"depth_class:intermediate, depth_class:shallow, depth_class:deep, mag_band:4.0-4.5, mag_band:4.5-5.5, mag_band:5.5-6.5, mag_band:6.5+, tsunami_cat:tsunami_tidak"
-8_103,8,"depth_class:shallow, depth_class:intermediate, depth_class:deep, mag_band:4.0-4.5, mag_band:4.5-5.5, mag_band:5.5-6.5, mag_band:6.5+, tsunami_cat:tsunami_tidak"
-7_133,8,"depth_class:shallow, depth_class:intermediate, depth_class:deep, mag_band:4.0-4.5, mag_band:4.5-5.5, mag_band:5.5-6.5, mag_band:6.5+, tsunami_cat:tsunami_tidak"
-10_106,8,"depth_class:shallow, depth_class:intermediate, depth_class:deep, mag_band:4.0-4.5, mag_band:4.5-5.5, mag_band:5.5-6.5, mag_band:6.5+, tsunami_cat:tsunami_tidak"
5_95,8,"depth_class:shallow, depth_class:intermediate, depth_class:deep, mag_band:4.0-4.5, mag_band:4.5-5.5, mag_band:5.5-6.5, mag_band:6.5+, tsunami_cat:tsunami_tidak"
-2_134,8,"depth_class:shallow, depth_class:intermediate, depth_class:deep, mag_band:4.0-4.5, mag_band:4.5-5.5, mag_band:5.5-6.5, mag_band:6.5+, tsunami_cat:tsunami_tidak"
-3_131,8,"depth_class:shallow, depth_class:intermediate, depth_class:deep, mag_band:4.0-4.5, mag_band:4.5-5.5, mag_band:5.5-6.5, mag_band:6.5+, tsunami_cat:tsunami_tidak"
-2_130,8,"depth_class:shallow, depth_class:intermediate, depth_class:deep, mag_band:4.0-4.5, mag_band:4.5-5.5, mag_band:5.5-6.5, mag_band:6.5+, tsunami_cat:tsunami_tidak"
-9_114,8,"depth_class:intermediate, depth_class:shallow, depth_class:deep, mag_band:4.0-4.5, mag_band:4.5-5.5, mag_band:5.5-6.5, mag_band:6.5+, tsunami_cat:tsunami_tidak"
1_133,8,"depth_class:shallow, depth_class:intermediate, depth_class:deep, mag_band:4.5-5.5, mag_band:4.0-4.5, mag_band:5.5-6.5, mag_band:6.5+, tsunami_cat:tsunami_tidak"
4_132,8,"depth_class:shallow, depth_class:intermediate, depth_class:deep, mag_band:4.0-4.5, mag_band:4.5-5.5, mag_band:5.5-6.5, mag_band:6.5+, tsunami_cat:tsunami_tidak"
-9_133,8,"depth_class:shallow, depth_class:intermediate, depth_class:deep, mag_band:4.0-4.5, mag_band:4.5-5.5, mag_band:5.5-6.5, mag_band:6.5+, tsunami_cat:tsunami_tidak"
-11_126,8,"depth_class:intermediate, depth_class:shallow, depth_class:deep, mag_band:4.0-4.5, mag_band:4.5-5.5, mag_band:5.5-6.5, mag_band:6.5+, tsunami_cat:tsunami_tidak"
3_99,8,"depth_class:intermediate, depth_class:shallow, depth_class:deep, mag_band:4.0-4.5, mag_band:4.5-5.5, mag_band:5.5-6.5, mag_band:6.5+, tsunami_cat:tsunami_tidak"
-2_124,8,"depth_class:shallow, depth_class:intermediate, depth_class:deep, mag_band:4.0-4.5, mag_band:4.5-5.5, mag_band:5.5-6.5, mag_band:6.5+, tsunami_cat:tsunami_tidak"
2_116,8,"depth_class:shallow, depth_class:intermediate, depth_class:deep, mag_band:4.0-4.5, mag_band:4.5-5.5, mag_band:5.5-6.5, mag_band:6.5+, tsunami_cat:tsunami_tidak"
-1_110,8,"depth_class:shallow, depth_class:intermediate, depth_class:deep, mag_band:4.0-4.5, mag_band:4.5-5.5, mag_band:5.5-6.5, mag_band:6.5+, tsunami_cat:tsunami_tidak"
2_117,8,"depth_class:shallow, depth_class:intermediate, depth_class:deep, mag_band:4.5-5.5, mag_band:4.0-4.5, mag_band:5.5-6.5, mag_band:6.5+, tsunami_cat:tsunami_tidak"
-9_111,8,"depth_class:intermediate, depth_class:shallow, depth_class:deep, mag_band:4.0-4.5, mag_band:4.5-5.5, mag_band:5.5-6.5, mag_band:6.5+, tsunami_cat:tsunami_tidak"
-9_100,8,"depth_class:shallow, depth_class:intermediate, depth_class:deep, mag_band:4.5-5.5, mag_band:4.0-4.5, mag_band:5.5-6.5, mag_band:6.5+, tsunami_cat:tsunami_tidak"
-4_115,8,"depth_class:shallow, depth_class:intermediate, depth_class:deep, mag_band:4.5-5.5, mag_band:4.0-4.5, mag_band:5.5-6.5, mag_band:6.5+, tsunami_cat:tsunami_tidak"
-7_110,8,"depth_class:intermediate, depth_class:shallow, depth_class:deep, mag_band:4.0-4.5, mag_band:4.5-5.5, mag_band:5.5-6.5, mag_band:6.5+, tsunami_cat:tsunami_tidak"
-7_111,8,"depth_class:deep, depth_class:shallow, depth_class:intermediate, mag_band:4.0-4.5, mag_band:5.5-6.5, mag_band:4.5-5.5, mag_band:6.5+, tsunami_cat:tsunami_tidak"
-9_124,8,"depth_class:intermediate, depth_class:shallow, depth_class:deep, mag_band:4.0-4.5, mag_band:4.5-5.5, mag_band:5.5-6.5, mag_band:6.5+, tsunami_cat:tsunami_tidak"
-6_122,8,"depth_class:shallow, depth_class:intermediate, depth_class:deep, mag_band:4.0-4.5, mag_band:4.5-5.5, mag_band:5.5-6.5, mag_band:6.5+, tsunami_cat:tsunami_tidak"
-8_125,8,"depth_class:deep, depth_class:shallow, depth_class:intermediate, mag_band:4.0-4.5, mag_band:4.5-5.5, mag_band:5.5-6.5, mag_band:6.5+, tsunami_cat:tsunami_tidak"
5_123,8,"depth_class:deep, depth_class:shallow, depth_class:intermediate, mag_band:4.0-4.5, mag_band:4.5-5.5, mag_band:5.5-6.5, mag_band:6.5+, tsunami_cat:tsunami_tidak"
1_95,8,"depth_class:shallow, depth_class:intermediate, depth_class:deep, mag_band:4.0-4.5, mag_band:4.5-5.5, mag_band:5.5-6.5, mag_band:6.5+, tsunami_cat:tsunami_tidak"
-9_103,8,"depth_class:shallow, depth_class:intermediate, depth_class:deep, mag_band:4.5-5.5, mag_band:4.0-4.5, mag_band:5.5-6.5, mag_band:6.5+, tsunami_cat:tsunami_tidak"
-10_103,8,"depth_class:shallow, depth_class:intermediate, depth_class:deep, mag_band:4.0-4.5, mag_band:4.5-5.5, mag_band:5.5-6.5, mag_band:6.5+, tsunami_cat:tsunami_tidak"
4_98,8,"depth_class:shallow, depth_class:intermediate, depth_class:deep, mag_band:4.0-4.5, mag_band:4.5-5.5, mag_band:5.5-6.5, mag_band:6.5+, tsunami_cat:tsunami_tidak"
-5_114,8,"depth_class:shallow, depth_class:intermediate, depth_class:deep, mag_band:4.0-4.5, mag_band:4.5-5.5, mag_band:5.5-6.5, mag_band:6.5+, tsunami_cat:tsunami_tidak"
-10_123,8,"depth_class:intermediate, depth_class:shallow, depth_class:deep, mag_band:4.0-4.5, mag_band:4.5-5.5, mag_band:5.5-6.5, mag_band:6.5+, tsunami_cat:tsunami_tidak"
0_123,8,"depth_class:intermediate, depth_class:shallow, depth_class:deep, mag_band:4.0-4.5, mag_band:4.5-5.5, mag_band:5.5-6.5, mag_band:6.5+, tsunami_cat:tsunami_tidak"
-9_130,8,"depth_class:shallow, depth_class:intermediate, depth_class:deep, mag_band:4.0-4.5, mag_band:4.5-5.5, mag_band:5.5-6.5, mag_band:6.5+, tsunami_cat:tsunami_tidak"
-4_99,8,"depth_class:shallow, depth_class:intermediate, depth_class:deep, mag_band:4.0-4.5, mag_band:4.5-5.5, mag_band:5.5-6.5, mag_band:6.5+, tsunami_cat:tsunami_tidak"
-11_121,8,"depth_class:shallow, depth_class:intermediate, depth_class:deep, mag_band:4.0-4.5, mag_band:4.5-5.5, mag_band:5.5-6.5, mag_band:6.5+, tsunami_cat:tsunami_tidak"
-5_134,8,"depth_class:shallow, depth_class:intermediate, depth_class:deep, mag_band:4.0-4.5, mag_band:4.5-5.5, mag_band:5.5-6.5, mag_band:6.5+, tsunami_cat:tsunami_tidak"
-1_122,8,"depth_class:intermediate, depth_class:shallow, depth_class:deep, mag_band:4.0-4.5, mag_band:4.5-5.5, mag_band:5.5-6.5, mag_band:6.5+, tsunami_cat:tsunami_tidak"
-10_111,8,"depth_class:shallow, depth_class:intermediate, depth_class:deep, mag_band:4.0-4.5, mag_band:4.5-5.5, mag_band:5.5-6.5, mag_band:6.5+, tsunami_cat:tsunami_tidak"
1_127,8,"depth_class:intermediate, depth_class:shallow, depth_class:deep, mag_band:4.0-4.5, mag_band:4.5-5.5, mag_band:5.5-6.5, mag_band:6.5+, tsunami_cat:tsunami_tidak"
-1_135,8,"depth_class:shallow, depth_class:intermediate, depth_class:deep, mag_band:4.0-4.5, mag_band:4.5-5.5, mag_band:5.5-6.5, mag_band:6.5+, tsunami_cat:tsunami_tidak"
-4_139,8,"depth_class:shallow, depth_class:intermediate, depth_class:deep, mag_band:4.0-4.5, mag_band:4.5-5.5, mag_band:5.5-6.5, mag_band:6.5+, tsunami_cat:tsunami_tidak"
-8_105,8,"depth_class:shallow, depth_class:intermediate, depth_class:deep, mag_band:4.0-4.5, mag_band:4.5-5.5, mag_band:5.5-6.5, mag_band:6.5+, tsunami_cat:tsunami_tidak"
-5_108,8,"depth_class:deep, depth_class:shallow, depth_class:intermediate, mag_band:4.5-5.5, mag_band:6.5+, mag_band:4.0-4.5, mag_band:5.5-6.5, tsunami_cat:tsunami_tidak"
-10_119,8,"depth_class:shallow, depth_class:intermediate, depth_class:deep, mag_band:4.0-4.5, mag_band:4.5-5.5, mag_band:5.5-6.5, mag_band:6.5+, tsunami_cat:tsunami_tidak"
-3_130,8,"depth_class:shallow, depth_class:intermediate, depth_class:deep, mag_band:4.0-4.5, mag_band:4.5-5.5, mag_band:5.5-6.5, mag_band:6.5+, tsunami_cat:tsunami_tidak"
-4_104,8,"depth_class:deep, depth_class:shallow, depth_class:intermediate, mag_band:4.0-4.5, mag_band:4.5-5.5, mag_band:5.5-6.5, mag_band:6.5+, tsunami_cat:tsunami_tidak"
-1_138,8,"depth_class:shallow, depth_class:intermediate, depth_class:deep, mag_band:4.0-4.5, mag_band:4.5-5.5, mag_band:5.5-6.5, mag_band:6.5+, tsunami_cat:tsunami_tidak"
-3_98,8,"depth_class:shallow, depth_class:intermediate, depth_class:deep, mag_band:4.0-4.5, mag_band:5.5-6.5, mag_band:4.5-5.5, mag_band:6.5+, tsunami_cat:tsunami_tidak"
-9_131,8,"depth_class:shallow, depth_class:intermediate, depth_class:deep, mag_band:4.0-4.5, mag_band:4.5-5.5, mag_band:5.5-6.5, mag_band:6.5+, tsunami_cat:tsunami_tidak"
4_123,8,"depth_class:deep, depth_class:shallow, depth_class:intermediate, mag_band:4.0-4.5, mag_band:4.5-5.5, mag_band:5.5-6.5, mag_band:6.5+, tsunami_cat:tsunami_tidak"
0_135,8,"depth_class:shallow, depth_class:intermediate, depth_class:deep, mag_band:4.0-4.5, mag_band:4.5-5.5, mag_band:5.5-6.5, mag_band:6.5+, tsunami_cat:tsunami_tidak"
-10_127,8,"depth_class:shallow, depth_class:intermediate, depth_class:deep, mag_band:4.0-4.5, mag_band:4.5-5.5, mag_band:5.5-6.5, mag_band:6.5+, tsunami_cat:tsunami_tidak"
-4_124,8,"depth_class:shallow, depth_class:intermediate, depth_class:deep, mag_band:4.0-4.5, mag_band:4.5-5.5, mag_band:5.5-6.5, mag_band:6.5+, tsunami_cat:tsunami_tidak"
-10_126,8,"depth_class:shallow, depth_class:intermediate, depth_class:deep, mag_band:4.0-4.5, mag_band:4.5-5.5, mag_band:5.5-6.5, mag_band:6.5+, tsunami_cat:tsunami_tidak"
2_109,8,"depth_class:shallow, depth_class:intermediate, depth_class:deep, mag_band:4.0-4.5, mag_band:4.5-5.5, mag_band:5.5-6.5, mag_band:6.5+, tsunami_cat:tsunami_tidak"
5_130,8,"depth_class:shallow, depth_class:intermediate, depth_class:deep, mag_band:4.0-4.5, mag_band:4.5-5.5, mag_band:5.5-6.5, mag_band:6.5+, tsunami_cat:tsunami_tidak"
-1_123,8,"depth_class:intermediate, depth_class:shallow, depth_class:deep, mag_band:4.0-4.5, mag_band:4.5-5.5, mag_band:5.5-6.5, mag_band:6.5+, tsunami_cat:tsunami_tidak"
-6_138,8,"depth_class:shallow, depth_class:intermediate, depth_class:deep, mag_band:4.5-5.5, mag_band:4.0-4.5, mag_band:5.5-6.5, mag_band:6.5+, tsunami_cat:tsunami_tidak"
-6_112,8,"depth_class:shallow, depth_class:intermediate, depth_class:deep, mag_band:4.0-4.5, mag_band:4.5-5.5, mag_band:5.5-6.5, mag_band:6.5+, tsunami_cat:tsunami_tidak"
-6_109,8,"depth_class:deep, depth_class:shallow, depth_class:intermediate, mag_band:4.0-4.5, mag_band:4.5-5.5, mag_band:5.5-6.5, mag_band:6.5+, tsunami_cat:tsunami_tidak"
-5_120,8,"depth_class:shallow, depth_class:intermediate, depth_class:deep, mag_band:4.0-4.5, mag_band:4.5-5.5, mag_band:5.5-6.5, mag_band:6.5+, tsunami_cat:tsunami_tidak"
0_118,8,"depth_class:shallow, depth_class:intermediate, depth_class:deep, mag_band:4.0-4.5, mag_band:4.5-5.5, mag_band:5.5-6.5, mag_band:6.5+, tsunami_cat:tsunami_tidak"
5_96,8,"depth_class:shallow, depth_class:intermediate, depth_class:deep, mag_band:4.0-4.5, mag_band:4.5-5.5, mag_band:5.5-6.5, mag_band:6.5+, tsunami_cat:tsunami_tidak"
-6_120,8,"depth_class:shallow, depth_class:intermediate, depth_class:deep, mag_band:4.0-4.5, mag_band:4.5-5.5, mag_band:5.5-6.5, mag_band:6.5+, tsunami_cat:tsunami_tidak"
-10_115,8,"depth_class:shallow, depth_class:intermediate, depth_class:deep, mag_band:4.0-4.5, mag_band:4.5-5.5, mag_band:5.5-6.5, mag_band:6.5+, tsunami_cat:tsunami_tidak"
-3_123,8,"depth_class:shallow, depth_class:intermediate, depth_class:deep, mag_band:4.0-4.5, mag_band:4.5-5.5, mag_band:5.5-6.5, mag_band:6.5+, tsunami_cat:tsunami_tidak"
-7_95,8,"depth_class:shallow, depth_class:intermediate, depth_class:deep, mag_band:4.0-4.5, mag_band:4.5-5.5, mag_band:5.5-6.5, mag_band:6.5+, tsunami_cat:tsunami_tidak"
-5_121,8,"depth_class:shallow, depth_class:intermediate, depth_class:deep, mag_band:4.0-4.5, mag_band:4.5-5.5, mag_band:5.5-6.5, mag_band:6.5+, tsunami_cat:tsunami_tidak"
-7_125,8,"depth_class:deep, depth_class:shallow, depth_class:intermediate, mag_band:4.0-4.5, mag_band:4.5-5.5, mag_band:5.5-6.5, mag_band:6.5+, tsunami_cat:tsunami_tidak"
-8_113,8,"depth_class:shallow, depth_class:intermediate, depth_class:deep, mag_band:4.0-4.5, mag_band:4.5-5.5, mag_band:5.5-6.5, mag_band:6.5+, tsunami_cat:tsunami_tidak"
1_119,8,"depth_class:shallow, depth_class:intermediate, depth_class:deep, mag_band:4.0-4.5, mag_band:4.5-5.5, mag_band:5.5-6.5, mag_band:6.5+, tsunami_cat:tsunami_tidak"
-4_118,8,"depth_class:shallow, depth_class:intermediate, depth_class:deep, mag_band:4.0-4.5, mag_band:4.5-5.5, mag_band:5.5-6.5, mag_band:6.5+, tsunami_cat:tsunami_tidak"
-7_109,8,"depth_class:intermediate, depth_class:shallow, depth_class:deep, mag_band:4.0-4.5, mag_band:4.5-5.5, mag_band:5.5-6.5, mag_band:6.5+, tsunami_cat:tsunami_tidak"
4_138,8,"depth_class:shallow, depth_class:intermediate, depth_class:deep, mag_band:4.5-5.5, mag_band:4.0-4.5, mag_band:5.5-6.5, mag_band:6.5+, tsunami_cat:tsunami_tidak"
-2_131,8,"depth_class:shallow, depth_class:intermediate, depth_class:deep, mag_band:4.0-4.5, mag_band:4.5-5.5, mag_band:5.5-6.5, mag_band:6.5+, tsunami_cat:tsunami_tidak"
-6_123,8,"depth_class:shallow, depth_class:intermediate, depth_class:deep, mag_band:4.0-4.5, mag_band:4.5-5.5, mag_band:5.5-6.5, mag_band:6.5+, tsunami_cat:tsunami_tidak"
-2_140,8,"depth_class:shallow, depth_class:intermediate, depth_class:deep, mag_band:4.0-4.5, mag_band:4.5-5.5, mag_band:5.5-6.5, mag_band:6.5+, tsunami_cat:tsunami_tidak"
-3_104,8,"depth_class:shallow, depth_class:intermediate, depth_class:deep, mag_band:4.0-4.5, mag_band:4.5-5.5, mag_band:5.5-6.5, mag_band:6.5+, tsunami_cat:tsunami_tidak"
3_117,8,"depth_class:shallow, depth_class:intermediate, depth_class:deep, mag_band:4.0-4.5, mag_band:4.5-5.5, mag_band:5.5-6.5, mag_band:6.5+, tsunami_cat:tsunami_tidak"
-7_121,8,"depth_class:shallow, depth_class:intermediate, depth_class:deep, mag_band:4.0-4.5, mag_band:4.5-5.5, mag_band:5.5-6.5, mag_band:6.5+, tsunami_cat:tsunami_tidak"
3_98,8,"depth_class:shallow, depth_class:intermediate, depth_class:deep, mag_band:4.0-4.5, mag_band:4.5-5.5, mag_band:5.5-6.5, mag_band:6.5+, tsunami_cat:tsunami_tidak"
-4_103,8,"depth_class:intermediate, depth_class:deep, depth_class:shallow, mag_band:4.0-4.5, mag_band:4.5-5.5, mag_band:5.5-6.5, mag_band:6.5+, tsunami_cat:tsunami_tidak"
-2_128,8,"depth_class:shallow, depth_class:intermediate, depth_class:deep, mag_band:4.0-4.5, mag_band:4.5-5.5, mag_band:5.5-6.5, mag_band:6.5+, tsunami_cat:tsunami_tidak"
-9_125,8,"depth_class:shallow, depth_class:intermediate, depth_class:deep, mag_band:4.0-4.5, mag_band:4.5-5.5, mag_band:5.5-6.5, mag_band:6.5+, tsunami_cat:tsunami_tidak"
-8_132,8,"depth_class:shallow, depth_class:intermediate, depth_class:deep, mag_band:4.0-4.5, mag_band:4.5-5.5, mag_band:5.5-6.5, mag_band:6.5+, tsunami_cat:tsunami_tidak"
5_97,8,"depth_class:shallow, depth_class:intermediate, depth_class:deep, mag_band:4.5-5.5, mag_band:4.0-4.5, mag_band:5.5-6.5, mag_band:6.5+, tsunami_cat:tsunami_tidak"
-6_107,8,"depth_class:deep, depth_class:intermediate, depth_class:shallow, mag_band:4.0-4.5, mag_band:4.5-5.5, mag_band:5.5-6.5, mag_band:6.5+, tsunami_cat:tsunami_tidak"
1_117,8,"depth_class:shallow, depth_class:intermediate, depth_class:deep, mag_band:4.0-4.5, mag_band:4.5-5.5, mag_band:5.5-6.5, mag_band:6.5+, tsunami_cat:tsunami_tidak"
5_132,8,"depth_class:shallow, depth_class:intermediate, depth_class:deep, mag_band:4.5-5.5, mag_band:4.0-4.5, mag_band:5.5-6.5, mag_band:6.5+, tsunami_cat:tsunami_tidak"
-4_133,8,"depth_class:shallow, depth_class:intermediate, depth_class:deep, mag_band:4.0-4.5, mag_band:4.5-5.5, mag_band:5.5-6.5, mag_band:6.5+, tsunami_cat:tsunami_tidak"
-7_100,8,"depth_class:shallow, depth_class:intermediate, depth_class:deep, mag_band:4.5-5.5, mag_band:4.0-4.5, mag_band:5.5-6.5, mag_band:6.5+, tsunami_cat:tsunami_tidak"
0_131,8,"depth_class:shallow, depth_class:intermediate, depth_class:deep, mag_band:4.0-4.5, mag_band:4.5-5.5, mag_band:5.5-6.5, mag_band:6.5+, tsunami_cat:tsunami_tidak"
-7_115,8,"depth_class:shallow, depth_class:deep, depth_class:intermediate, mag_band:4.0-4.5, mag_band:4.5-5.5, mag_band:5.5-6.5, mag_band:6.5+, tsunami_cat:tsunami_tidak"
-11_112,8,"depth_class:shallow, depth_class:intermediate, depth_class:deep, mag_band:4.0-4.5, mag_band:4.5-5.5, mag_band:5.5-6.5, mag_band:6.5+, tsunami_cat:tsunami_tidak"
-3_124,8,"depth_class:shallow, depth_class:intermediate, depth_class:deep, mag_band:4.0-4.5, mag_band:4.5-5.5, mag_band:5.5-6.5, mag_band:6.5+, tsunami_cat:tsunami_tidak"
-1_136,8,"depth_class:shallow, depth_class:intermediate, depth_class:deep, mag_band:4.0-4.5, mag_band:4.5-5.5, mag_band:5.5-6.5, mag_band:6.5+, tsunami_cat:tsunami_tidak"
-5_106,8,"depth_class:deep, depth_class:shallow, depth_class:intermediate, mag_band:4.0-4.5, mag_band:4.5-5.5, mag_band:5.5-6.5, mag_band:6.5+, tsunami_cat:tsunami_tidak"
-7_124,8,"depth_class:deep, depth_class:shallow, depth_class:intermediate, mag_band:4.0-4.5, mag_band:4.5-5.5, mag_band:5.5-6.5, mag_band:6.5+, tsunami_cat:tsunami_tidak"
-2_117,8,"depth_class:shallow, depth_class:intermediate, depth_class:deep, mag_band:4.5-5.5, mag_band:4.0-4.5, mag_band:5.5-6.5, mag_band:6.5+, tsunami_cat:tsunami_tidak"
-2_96,8,"depth_class:shallow, depth_class:intermediate, depth_class:deep, mag_band:4.5-5.5, mag_band:4.0-4.5, mag_band:5.5-6.5, mag_band:6.5+, tsunami_cat:tsunami_tidak"
-10_125,8,"depth_class:shallow, depth_class:intermediate, depth_class:deep, mag_band:4.0-4.5, mag_band:4.5-5.5, mag_band:5.5-6.5, mag_band:6.5+, tsunami_cat:tsunami_tidak"
0_130,8,"depth_class:shallow, depth_class:intermediate, depth_class:deep, mag_band:4.0-4.5, mag_band:4.5-5.5, mag_band:5.5-6.5, mag_band:6.5+, tsunami_cat:tsunami_tidak"
-4_125,8,"depth_class:shallow, depth_class:intermediate, depth_class:deep, mag_band:4.0-4.5, mag_band:4.5-5.5, mag_band:5.5-6.5, mag_band:6.5+, tsunami_cat:tsunami_tidak"
-1_119,8,"depth_class:shallow, depth_class:intermediate, depth_class:deep, mag_band:4.0-4.5, mag_band:4.5-5.5, mag_band:5.5-6.5, mag_band:6.5+, tsunami_cat:tsunami_tidak"
1_100,8,"depth_class:intermediate, depth_class:shallow, depth_class:deep, mag_band:4.0-4.5, mag_band:4.5-5.5, mag_band:5.5-6.5, mag_band:6.5+, tsunami_cat:tsunami_tidak"
-1_128,8,"depth_class:shallow, depth_class:intermediate, depth_class:deep, mag_band:4.0-4.5, mag_band:4.5-5.5, mag_band:5.5-6.5, mag_band:6.5+, tsunami_cat:tsunami_tidak"
-8_114,8,"depth_class:shallow, depth_class:intermediate, depth_class:deep, mag_band:4.0-4.5, mag_band:4.5-5.5, mag_band:5.5-6.5, mag_band:6.5+, tsunami_cat:tsunami_tidak"
-10_97,8,"depth_class:shallow, depth_class:intermediate, depth_class:deep, mag_band:4.0-4.5, mag_band:5.5-6.5, mag_band:4.5-5.5, mag_band:6.5+, tsunami_cat:tsunami_tidak"
-4_121,8,"depth_class:shallow, depth_class:intermediate, depth_class:deep, mag_band:4.5-5.5, mag_band:4.0-4.5, mag_band:5.5-6.5, mag_band:6.5+, tsunami_cat:tsunami_tidak"
-3_132,8,"depth_class:shallow, depth_class:intermediate, depth_class:deep, mag_band:4.0-4.5, mag_band:4.5-5.5, mag_band:5.5-6.5, mag_band:6.5+, tsunami_cat:tsunami_tidak"
1_99,8,"depth_class:intermediate, depth_class:shallow, depth_class:deep, mag_band:4.0-4.5, mag_band:4.5-5.5, mag_band:5.5-6.5, mag_band:6.5+, tsunami_cat:tsunami_tidak"
-2_122,8,"depth_class:shallow, depth_class:intermediate, depth_class:deep, mag_band:4.5-5.5, mag_band:4.0-4.5, mag_band:5.5-6.5, mag_band:6.5+, tsunami_cat:tsunami_tidak"
-9_117,8,"depth_class:shallow, depth_class:intermediate, depth_class:deep, mag_band:4.0-4.5, mag_band:4.5-5.5, mag_band:5.5-6.5, mag_band:6.5+, tsunami_cat:tsunami_tidak"
-11_124,8,"depth_class:shallow, depth_class:intermediate, depth_class:deep, mag_band:4.0-4.5, mag_band:4.5-5.5, mag_band:5.5-6.5, mag_band:6.5+, tsunami_cat:tsunami_tidak"
-1_100,8,"depth_class:shallow, depth_class:intermediate, depth_class:deep, mag_band:4.0-4.5, mag_band:4.5-5.5, mag_band:5.5-6.5, mag_band:6.5+, tsunami_cat:tsunami_tidak"
0_99,8,"depth_class:intermediate, depth_class:shallow, depth_class:deep, mag_band:4.0-4.5, mag_band:4.5-5.5, mag_band:5.5-6.5, mag_band:6.5+, tsunami_cat:tsunami_tidak"
-9_116,8,"depth_class:shallow, depth_class:intermediate, depth_class:deep, mag_band:4.0-4.5, mag_band:4.5-5.5, mag_band:5.5-6.5, mag_band:6.5+, tsunami_cat:tsunami_tidak"
-6_132,8,"depth_class:shallow, depth_class:intermediate, depth_class:deep, mag_band:4.0-4.5, mag_band:4.5-5.5, mag_band:5.5-6.5, mag_band:6.5+, tsunami_cat:tsunami_tidak"
-7_105,8,"depth_class:shallow, depth_class:intermediate, depth_class:deep, mag_band:4.5-5.5, mag_band:4.0-4.5, mag_band:6.5+, mag_band:5.5-6.5, tsunami_cat:tsunami_tidak"
3_122,8,"depth_class:deep, depth_class:shallow, depth_class:intermediate, mag_band:4.0-4.5, mag_band:4.5-5.5, mag_band:5.5-6.5, mag_band:6.5+, tsunami_cat:tsunami_tidak"
-8_104,8,"depth_class:shallow, depth_class:intermediate, depth_class:deep, mag_band:4.0-4.5, mag_band:4.5-5.5, mag_band:6.5+, mag_band:5.5-6.5, tsunami_cat:tsunami_tidak"
-6_130,8,"depth_class:intermediate, depth_class:shallow, depth_class:deep, mag_band:4.0-4.5, mag_band:4.5-5.5, mag_band:5.5-6.5, mag_band:6.5+, tsunami_cat:tsunami_tidak"
-8_110,8,"depth_class:shallow, depth_class:intermediate, depth_class:deep, mag_band:4.0-4.5, mag_band:4.5-5.5, mag_band:5.5-6.5, mag_band:6.5+, tsunami_cat:tsunami_tidak"
-7_132,8,"depth_class:shallow, depth_class:intermediate, depth_class:deep, mag_band:4.0-4.5, mag_band:4.5-5.5, mag_band:5.5-6.5, mag_band:6.5+, tsunami_cat:tsunami_tidak"
-3_134,8,"depth_class:shallow, depth_class:intermediate, depth_class:deep, mag_band:4.0-4.5, mag_band:4.5-5.5, mag_band:5.5-6.5, mag_band:6.5+, tsunami_cat:tsunami_tidak"
-1_133,8,"depth_class:shallow, depth_class:intermediate, depth_class:deep, mag_band:4.0-4.5, mag_band:4.5-5.5, mag_band:5.5-6.5, mag_band:6.5+, tsunami_cat:tsunami_tidak"
-8_121,8,"depth_class:shallow, depth_class:deep, depth_class:intermediate, mag_band:4.0-4.5, mag_band:4.5-5.5, mag_band:5.5-6.5, mag_band:6.5+, tsunami_cat:tsunami_tidak"
-9_120,8,"depth_class:intermediate, depth_class:shallow, depth_class:deep, mag_band:4.0-4.5, mag_band:4.5-5.5, mag_band:5.5-6.5, mag_band:6.5+, tsunami_cat:tsunami_tidak"
-4_128,8,"depth_class:shallow, depth_class:intermediate, depth_class:deep, mag_band:4.0-4.5, mag_band:4.5-5.5, mag_band:5.5-6.5, mag_band:6.5+, tsunami_cat:tsunami_tidak"
-7_106,8,"depth_class:intermediate, depth_class:shallow, depth_class:deep, mag_band:4.0-4.5, mag_band:4.5-5.5, mag_band:5.5-6.5, mag_band:6.5+, tsunami_cat:tsunami_tidak"
-2_133,8,"depth_class:shallow, depth_class:intermediate, depth_class:deep, mag_band:4.0-4.5, mag_band:4.5-5.5, mag_band:5.5-6.5, mag_band:6.5+, tsunami_cat:tsunami_tidak"
-4_122,8,"depth_class:shallow, depth_class:intermediate, depth_class:deep, mag_band:4.0-4.5, mag_band:4.5-5.5, mag_band:5.5-6.5, mag_band:6.5+, tsunami_cat:tsunami_tidak"
-3_133,8,"depth_class:shallow, depth_class:intermediate, depth_class:deep, mag_band:4.0-4.5, mag_band:4.5-5.5, mag_band:5.5-6.5, mag_band:6.5+, tsunami_cat:tsunami_tidak"
-10_107,8,"depth_class:shallow, depth_class:intermediate, depth_class:deep, mag_band:4.0-4.5, mag_band:4.5-5.5, mag_band:5.5-6.5, mag_band:6.5+, tsunami_cat:tsunami_tidak"
-5_129,8,"depth_class:shallow, depth_class:intermediate, depth_class:deep, mag_band:4.0-4.5, mag_band:4.5-5.5, mag_band:5.5-6.5, mag_band:6.5+, tsunami_cat:tsunami_tidak"
-11_114,8,"depth_class:shallow, depth_class:intermediate, depth_class:deep, mag_band:4.0-4.5, mag_band:4.5-5.5, mag_band:5.5-6.5, mag_band:6.5+, tsunami_cat:tsunami_tidak"
-9_123,8,"depth_class:intermediate, depth_class:shallow, depth_class:deep, mag_band:4.0-4.5, mag_band:4.5-5.5, mag_band:5.5-6.5, mag_band:6.5+, tsunami_cat:tsunami_tidak"
-4_131,8,"depth_class:shallow, depth_class:intermediate, depth_class:deep, mag_band:4.0-4.5, mag_band:4.5-5.5, mag_band:5.5-6.5, mag_band:6.5+, tsunami_cat:tsunami_tidak"
-11_109,8,"depth_class:shallow, depth_class:intermediate, depth_class:deep, mag_band:4.0-4.5, mag_band:4.5-5.5, mag_band:5.5-6.5, mag_band:6.5+, tsunami_cat:tsunami_tidak"
-10_109,8,"depth_class:shallow, depth_class:intermediate, depth_class:deep, mag_band:4.0-4.5, mag_band:4.5-5.5, mag_band:5.5-6.5, mag_band:6.5+, tsunami_cat:tsunami_tidak"
0_125,8,"depth_class:shallow, depth_class:intermediate, depth_class:deep, mag_band:4.0-4.5, mag_band:4.5-5.5, mag_band:5.5-6.5, mag_band:6.5+, tsunami_cat:tsunami_tidak"
-6_97,8,"depth_class:shallow, depth_class:intermediate, depth_class:deep, mag_band:4.0-4.5, mag_band:4.5-5.5, mag_band:5.5-6.5, mag_band:6.5+, tsunami_cat:tsunami_tidak"
-7_108,8,"depth_class:intermediate, depth_class:shallow, depth_class:deep, mag_band:4.0-4.5, mag_band:4.5-5.5, mag_band:5.5-6.5, mag_band:6.5+, tsunami_cat:tsunami_tidak"
-7_102,8,"depth_class:shallow, depth_class:intermediate, depth_class:deep, mag_band:4.5-5.5, mag_band:4.0-4.5, mag_band:5.5-6.5, mag_band:6.5+, tsunami_cat:tsunami_tidak"
3_129,8,"depth_class:shallow, depth_class:intermediate, depth_class:deep, mag_band:4.0-4.5, mag_band:4.5-5.5, mag_band:5.5-6.5, mag_band:6.5+, tsunami_cat:tsunami_tidak"
-1_98,8,"depth_class:shallow, depth_class:intermediate, depth_class:deep, mag_band:4.0-4.5, mag_band:4.5-5.5, mag_band:5.5-6.5, mag_band:6.5+, tsunami_cat:tsunami_tidak"
-5_122,8,"depth_class:shallow, depth_class:intermediate, depth_class:deep, mag_band:4.0-4.5, mag_band:4.5-5.5, mag_band:5.5-6.5, mag_band:6.5+, tsunami_cat:tsunami_tidak"
-3_103,8,"depth_class:intermediate, depth_class:shallow, depth_class:deep, mag_band:4.0-4.5, mag_band:4.5-5.5, mag_band:5.5-6.5, mag_band:6.5+, tsunami_cat:tsunami_tidak"
0_124,8,"depth_class:intermediate, depth_class:shallow, depth_class:deep, mag_band:4.0-4.5, mag_band:4.5-5.5, mag_band:5.5-6.5, mag_band:6.5+, tsunami_cat:tsunami_tidak"
-8_129,8,"depth_class:intermediate, depth_class:shallow, depth_class:deep, mag_band:4.0-4.5, mag_band:4.5-5.5, mag_band:5.5-6.5, mag_band:6.5+, tsunami_cat:tsunami_tidak"
-5_102,8,"depth_class:shallow, depth_class:intermediate, depth_class:deep, mag_band:4.5-5.5, mag_band:4.0-4.5, mag_band:5.5-6.5, mag_band:6.5+, tsunami_cat:tsunami_tidak"
-4_140,8,"depth_class:shallow, depth_class:intermediate, depth_class:deep, mag_band:4.0-4.5, mag_band:4.5-5.5, mag_band:5.5-6.5, mag_band:6.5+, tsunami_cat:tsunami_tidak"
-6_102,8,"depth_class:shallow, depth_class:intermediate, depth_class:deep, mag_band:4.0-4.5, mag_band:4.5-5.5, mag_band:5.5-6.5, mag_band:6.5+, tsunami_cat:tsunami_tidak"
-6_104,8,"depth_class:shallow, depth_class:intermediate, depth_class:deep, mag_band:4.0-4.5, mag_band:4.5-5.5, mag_band:5.5-6.5, mag_band:6.5+, tsunami_cat:tsunami_tidak"
0_122,8,"depth_class:intermediate, depth_class:shallow, depth_class:deep, mag_band:4.0-4.5, mag_band:4.5-5.5, mag_band:5.5-6.5, mag_band:6.5+, tsunami_cat:tsunami_tidak"
1_122,8,"depth_class:shallow, depth_class:deep, depth_class:intermediate, mag_band:4.0-4.5, mag_band:4.5-5.5, mag_band:5.5-6.5, mag_band:6.5+, tsunami_cat:tsunami_tidak"
-9_121,8,"depth_class:intermediate, depth_class:shallow, depth_class:deep, mag_band:4.0-4.5, mag_band:4.5-5.5, mag_band:5.5-6.5, mag_band:6.5+, tsunami_cat:tsunami_tidak"
0_121,8,"depth_class:intermediate, depth_class:shallow, depth_class:deep, mag_band:4.0-4.5, mag_band:4.5-5.5, mag_band:5.5-6.5, mag_band:6.5+, tsunami_cat:tsunami_tidak"
-4_135,8,"depth_class:shallow, depth_class:intermediate, depth_class:deep, mag_band:4.0-4.5, mag_band:4.5-5.5, mag_band:5.5-6.5, mag_band:6.5+, tsunami_cat:tsunami_tidak"
-7_104,8,"depth_class:shallow, depth_class:intermediate, depth_class:deep, mag_band:4.0-4.5, mag_band:4.5-5.5, mag_band:5.5-6.5, mag_band:6.5+, tsunami_cat:tsunami_tidak"
-5_133,8,"depth_class:shallow, depth_class:intermediate, depth_class:deep, mag_band:4.0-4.5, mag_band:4.5-5.5, mag_band:5.5-6.5, mag_band:6.5+, tsunami_cat:tsunami_tidak"
1_124,8,"depth_class:intermediate, depth_class:deep, depth_class:shallow, mag_band:4.0-4.5, mag_band:4.5-5.5, mag_band:5.5-6.5, mag_band:6.5+, tsunami_cat:tsunami_tidak"
-4_132,8,"depth_class:shallow, depth_class:intermediate, depth_class:deep, mag_band:4.0-4.5, mag_band:4.5-5.5, mag_band:5.5-6.5, mag_band:6.5+, tsunami_cat:tsunami_tidak"
2_118,8,"depth_class:shallow, depth_class:intermediate, depth_class:deep, mag_band:4.0-4.5, mag_band:4.5-5.5, mag_band:5.5-6.5, mag_band:6.5+, tsunami_cat:tsunami_tidak"
-4_120,8,"depth_class:shallow, depth_class:intermediate, depth_class:deep, mag_band:4.0-4.5, mag_band:4.5-5.5, mag_band:5.5-6.5, mag_band:6.5+, tsunami_cat:tsunami_tidak"
5_133,8,"depth_class:shallow, depth_class:intermediate, depth_class:deep, mag_band:4.5-5.5, mag_band:4.0-4.5, mag_band:5.5-6.5, mag_band:6.5+, tsunami_cat:tsunami_tidak"
-8_134,8,"depth_class:shallow, depth_class:intermediate, depth_class:deep, mag_band:4.0-4.5, mag_band:4.5-5.5, mag_band:5.5-6.5, mag_band:6.5+, tsunami_cat:tsunami_tidak"
0_128,8,"depth_class:shallow, depth_class:intermediate, depth_class:deep, mag_band:4.0-4.5, mag_band:4.5-5.5, mag_band:5.5-6.5, mag_band:6.5+, tsunami_cat:tsunami_tidak"
-2_132,8,"depth_class:shallow, depth_class:intermediate, depth_class:deep, mag_band:4.0-4.5, mag_band:4.5-5.5, mag_band:5.5-6.5, mag_band:6.5+, tsunami_cat:tsunami_tidak"
0_134,8,"depth_class:shallow, depth_class:intermediate, depth_class:deep, mag_band:4.0-4.5, mag_band:4.5-5.5, mag_band:5.5-6.5, mag_band:6.5+, tsunami_cat:tsunami_tidak"
-3_110,8,"depth_class:shallow, depth_class:intermediate, depth_class:deep, mag_band:4.5-5.5, mag_band:4.0-4.5, mag_band:5.5-6.5, mag_band:6.5+, tsunami_cat:tsunami_tidak"
0_133,8,"depth_class:shallow, depth_class:intermediate, depth_class:deep, mag_band:4.5-5.5, mag_band:5.5-6.5, mag_band:4.0-4.5, mag_band:6.5+, tsunami_cat:tsunami_tidak"
-1_137,8,"depth_class:shallow, depth_class:intermediate, depth_class:deep, mag_band:4.0-4.5, mag_band:4.5-5.5, mag_band:5.5-6.5, mag_band:6.5+, tsunami_cat:tsunami_tidak"
-9_126,8,"depth_class:shallow, depth_class:intermediate, depth_class:deep, mag_band:4.5-5.5, mag_band:4.0-4.5, mag_band:5.5-6.5, mag_band:6.5+, tsunami_cat:tsunami_tidak"
-6_103,8,"depth_class:shallow, depth_class:intermediate, depth_class:deep, mag_band:4.0-4.5, mag_band:4.5-5.5, mag_band:5.5-6.5, mag_band:6.5+, tsunami_cat:tsunami_tidak"
5_125,8,"depth_class:shallow, depth_class:intermediate, depth_class:deep, mag_band:4.5-5.5, mag_band:5.5-6.5, mag_band:4.0-4.5, mag_band:6.5+, tsunami_cat:tsunami_tidak"
-4_98,8,"depth_class:shallow, depth_class:intermediate, depth_class:deep, mag_band:4.5-5.5, mag_band:4.0-4.5, mag_band:5.5-6.5, mag_band:6.5+, tsunami_cat:tsunami_tidak"
-6_118,8,"depth_class:shallow, depth_class:intermediate, depth_class:deep, mag_band:4.0-4.5, mag_band:4.5-5.5, mag_band:5.5-6.5, mag_band:6.5+, tsunami_cat:tsunami_tidak"
2_133,8,"depth_class:shallow, depth_class:intermediate, depth_class:deep, mag_band:4.5-5.5, mag_band:4.0-4.5, mag_band:5.5-6.5, mag_band:6.5+, tsunami_cat:tsunami_tidak"
0_97,8,"depth_class:shallow, depth_class:intermediate, depth_class:deep, mag_band:4.0-4.5, mag_band:4.5-5.5, mag_band:5.5-6.5, mag_band:6.5+, tsunami_cat:tsunami_tidak"
-4_138,8,"depth_class:shallow, depth_class:intermediate, depth_class:deep, mag_band:4.0-4.5, mag_band:4.5-5.5, mag_band:5.5-6.5, mag_band:6.5+, tsunami_cat:tsunami_tidak"
-6_100,8,"depth_class:shallow, depth_class:intermediate, depth_class:deep, mag_band:4.5-5.5, mag_band:4.0-4.5, mag_band:5.5-6.5, mag_band:6.5+, tsunami_cat:tsunami_tidak"
4_124,8,"depth_class:shallow, depth_class:intermediate, depth_class:deep, mag_band:4.0-4.5, mag_band:4.5-5.5, mag_band:5.5-6.5, mag_band:6.5+, tsunami_cat:tsunami_tidak"
-8_106,8,"depth_class:shallow, depth_class:intermediate, depth_class:deep, mag_band:4.0-4.5, mag_band:4.5-5.5, mag_band:5.5-6.5, mag_band:6.5+, tsunami_cat:tsunami_tidak"
4_97,8,"depth_class:shallow, depth_class:intermediate, depth_class:deep, mag_band:4.0-4.5, mag_band:4.5-5.5, mag_band:5.5-6.5, mag_band:6.5+, tsunami_cat:tsunami_tidak"
1_121,8,"depth_class:shallow, depth_class:deep, depth_class:intermediate, mag_band:4.0-4.5, mag_band:4.5-5.5, mag_band:5.5-6.5, mag_band:6.5+, tsunami_cat:tsunami_tidak"
0_126,8,"depth_class:shallow, depth_class:intermediate, depth_class:deep, mag_band:4.0-4.5, mag_band:4.5-5.5, mag_band:5.5-6.5, mag_band:6.5+, tsunami_cat:tsunami_tidak"
-8_95,8,"depth_class:shallow, depth_class:intermediate, depth_class:deep, mag_band:4.5-5.5, mag_band:4.0-4.5, mag_band:5.5-6.5, mag_band:6.5+, tsunami_cat:tsunami_tidak"
-5_125,8,"depth_class:deep, depth_class:shallow, depth_class:intermediate, mag_band:4.0-4.5, mag_band:4.5-5.5, mag_band:5.5-6.5, mag_band:6.5+, tsunami_cat:tsunami_tidak"
-8_118,8,"depth_class:shallow, depth_class:intermediate, depth_class:deep, mag_band:4.0-4.5, mag_band:4.5-5.5, mag_band:5.5-6.5, mag_band:6.5+, tsunami_cat:tsunami_tidak"
2_125,8,"depth_class:intermediate, depth_class:shallow, depth_class:deep, mag_band:4.0-4.5, mag_band:4.5-5.5, mag_band:5.5-6.5, mag_band:6.5+, tsunami_cat:tsunami_tidak"
4_95,8,"depth_class:shallow, depth_class:intermediate, depth_class:deep, mag_band:4.5-5.5, mag_band:4.0-4.5, mag_band:5.5-6.5, mag_band:6.5+, tsunami_cat:tsunami_tidak"
3_95,8,"depth_class:shallow, depth_class:intermediate, depth_class:deep, mag_band:4.5-5.5, mag_band:4.0-4.5, mag_band:5.5-6.5, mag_band:6.5+, tsunami_cat:tsunami_tidak"
-1_124,8,"depth_class:shallow, depth_class:intermediate, depth_class:deep, mag_band:4.0-4.5, mag_band:4.5-5.5, mag_band:5.5-6.5, mag_band:6.5+, tsunami_cat:tsunami_tidak"
-8_115,8,"depth_class:intermediate, depth_class:deep, depth_class:shallow, mag_band:4.0-4.5, mag_band:4.5-5.5, mag_band:5.5-6.5, mag_band:6.5+, tsunami_cat:tsunami_tidak"
-7_130,8,"depth_class:intermediate, depth_class:shallow, depth_class:deep, mag_band:4.0-4.5, mag_band:4.5-5.5, mag_band:5.5-6.5, mag_band:6.5+, tsunami_cat:tsunami_tidak"
-2_137,8,"depth_class:shallow, depth_class:intermediate, depth_class:deep, mag_band:4.0-4.5, mag_band:4.5-5.5, mag_band:5.5-6.5, mag_band:6.5+, tsunami_cat:tsunami_tidak"
-10_117,8,"depth_class:intermediate, depth_class:shallow, depth_class:deep, mag_band:4.0-4.5, mag_band:4.5-5.5, mag_band:5.5-6.5, mag_band:6.5+, tsunami_cat:tsunami_tidak"
-10_113,8,"depth_class:shallow, depth_class:intermediate, depth_class:deep, mag_band:4.0-4.5, mag_band:4.5-5.5, mag_band:5.5-6.5, mag_band:6.5+, tsunami_cat:tsunami_tidak"
3_126,8,"depth_class:shallow, depth_class:intermediate, depth_class:deep, mag_band:4.0-4.5, mag_band:4.5-5.5, mag_band:5.5-6.5, mag_band:6.5+, tsunami_cat:tsunami_tidak"
-2_116,8,"depth_class:shallow, depth_class:intermediate, depth_class:deep, mag_band:4.0-4.5, mag_band:4.5-5.5, mag_band:5.5-6.5, mag_band:6.5+, tsunami_cat:tsunami_tidak"
-8_123,8,"depth_class:intermediate, depth_class:deep, depth_class:shallow, mag_band:4.0-4.5, mag_band:4.5-5.5, mag_band:5.5-6.5, mag_band:6.5+, tsunami_cat:tsunami_tidak"
-9_118,8,"depth_class:intermediate, depth_class:shallow, depth_class:deep, mag_band:4.0-4.5, mag_band:4.5-5.5, mag_band:5.5-6.5, mag_band:6.5+, tsunami_cat:tsunami_tidak"
-8_119,8,"depth_class:intermediate, depth_class:deep, depth_class:shallow, mag_band:4.0-4.5, mag_band:4.5-5.5, mag_band:5.5-6.5, mag_band:6.5+, tsunami_cat:tsunami_tidak"
-2_120,8,"depth_class:shallow, depth_class:intermediate, depth_class:deep, mag_band:4.0-4.5, mag_band:4.5-5.5, mag_band:5.5-6.5, mag_band:6.5+, tsunami_cat:tsunami_tidak"
-10_118,8,"depth_class:shallow, depth_class:intermediate, depth_class:deep, mag_band:4.0-4.5, mag_band:4.5-5.5, mag_band:5.5-6.5, mag_band:6.5+, tsunami_cat:tsunami_tidak"
-11_120,8,"depth_class:shallow, depth_class:intermediate, depth_class:deep, mag_band:4.0-4.5, mag_band:4.5-5.5, mag_band:5.5-6.5, mag_band:6.5+, tsunami_cat:tsunami_tidak"
-2_136,8,"depth_class:shallow, depth_class:intermediate, depth_class:deep, mag_band:4.0-4.5, mag_band:4.5-5.5, mag_band:5.5-6.5, mag_band:6.5+, tsunami_cat:tsunami_tidak"
-4_102,8,"depth_class:intermediate, depth_class:shallow, depth_class:deep, mag_band:4.0-4.5, mag_band:4.5-5.5, mag_band:5.5-6.5, mag_band:6.5+, tsunami_cat:tsunami_tidak"
-10_110,8,"depth_class:shallow, depth_class:intermediate, depth_class:deep, mag_band:4.0-4.5, mag_band:4.5-5.5, mag_band:5.5-6.5, mag_band:6.5+, tsunami_cat:tsunami_tidak"
-1_132,8,"depth_class:shallow, depth_class:intermediate, depth_class:deep, mag_band:4.0-4.5, mag_band:4.5-5.5, mag_band:5.5-6.5, mag_band:6.5+, tsunami_cat:tsunami_tidak"
0_127,8,"depth_class:shallow, depth_class:intermediate, depth_class:deep, mag_band:4.0-4.5, mag_band:4.5-5.5, mag_band:5.5-6.5, mag_band:6.5+, tsunami_cat:tsunami_tidak"
-1_126,8,"depth_class:shallow, depth_class:intermediate, depth_class:deep, mag_band:4.0-4.5, mag_band:4.5-5.5, mag_band:5.5-6.5, mag_band:6.5+, tsunami_cat:tsunami_tidak"
-7_119,8,"depth_class:shallow, depth_class:intermediate, depth_class:deep, mag_band:4.0-4.5, mag_band:4.5-5.5, mag_band:5.5-6.5, mag_band:6.5+, tsunami_cat:tsunami_tidak"
-7_128,8,"depth_class:deep, depth_class:intermediate, depth_class:shallow, mag_band:4.0-4.5, mag_band:4.5-5.5, mag_band:5.5-6.5, mag_band:6.5+, tsunami_cat:tsunami_tidak"
4_127,8,"depth_class:intermediate, depth_class:shallow, depth_class:deep, mag_band:4.0-4.5, mag_band:4.5-5.5, mag_band:5.5-6.5, mag_band:6.5+, tsunami_cat:tsunami_tidak"
-9_107,8,"depth_class:shallow, depth_class:intermediate, depth_class:deep, mag_band:4.0-4.5, mag_band:4.5-5.5, mag_band:5.5-6.5, mag_band:6.5+, tsunami_cat:tsunami_tidak"
-3_115,8,"depth_class:shallow, depth_class:intermediate, depth_class:deep, mag_band:4.0-4.5, mag_band:4.5-5.5, mag_band:5.5-6.5, mag_band:6.5+, tsunami_cat:tsunami_tidak"
-3_127,8,"depth_class:shallow, depth_class:intermediate, depth_class:deep, mag_band:4.0-4.5, mag_band:4.5-5.5, mag_band:5.5-6.5, mag_band:6.5+, tsunami_cat:tsunami_tidak"
-9_106,8,"depth_class:shallow, depth_class:intermediate, depth_class:deep, mag_band:4.0-4.5, mag_band:4.5-5.5, mag_band:5.5-6.5, mag_band:6.5+, tsunami_cat:tsunami_tidak"
-5_101,8,"depth_class:shallow, depth_class:intermediate, depth_class:deep, mag_band:4.0-4.5, mag_band:4.5-5.5, mag_band:6.5+, mag_band:5.5-6.5, tsunami_cat:tsunami_tidak"
-5_138,8,"depth_class:shallow, depth_class:intermediate, depth_class:deep, mag_band:4.0-4.5, mag_band:4.5-5.5, mag_band:5.5-6.5, mag_band:6.5+, tsunami_cat:tsunami_tidak"
-1_96,8,"depth_class:shallow, depth_class:intermediate, depth_class:deep, mag_band:4.0-4.5, mag_band:4.5-5.5, mag_band:5.5-6.5, mag_band:6.5+, tsunami_cat:tsunami_tidak"
-3_137,8,"depth_class:shallow, depth_class:intermediate, depth_class:deep, mag_band:4.0-4.5, mag_band:4.5-5.5, mag_band:5.5-6.5, mag_band:6.5+, tsunami_cat:tsunami_tidak"
-2_129,8,"depth_class:shallow, depth_class:intermediate, depth_class:deep, mag_band:4.0-4.5, mag_band:4.5-5.5, mag_band:5.5-6.5, mag_band:6.5+, tsunami_cat:tsunami_tidak"
-4_126,8,"depth_class:shallow, depth_class:intermediate, depth_class:deep, mag_band:4.0-4.5, mag_band:4.5-5.5, mag_band:5.5-6.5, mag_band:6.5+, tsunami_cat:tsunami_tidak"
4_96,8,"depth_class:shallow, depth_class:intermediate, depth_class:deep, mag_band:4.0-4.5, mag_band:4.5-5.5, mag_band:5.5-6.5, mag_band:6.5+, tsunami_cat:tsunami_tidak"
-5_130,8,"depth_class:shallow, depth_class:intermediate, depth_class:deep, mag_band:4.0-4.5, mag_band:4.5-5.5, mag_band:5.5-6.5, mag_band:6.5+, tsunami_cat:tsunami_tidak"
-3_129,8,"depth_class:shallow, depth_class:intermediate, depth_class:deep, mag_band:4.0-4.5, mag_band:4.5-5.5, mag_band:5.5-6.5, mag_band:6.5+, tsunami_cat:tsunami_tidak"
-5_103,8,"depth_class:shallow, depth_class:intermediate, depth_class:deep, mag_band:4.0-4.5, mag_band:4.5-5.5, mag_band:5.5-6.5, mag_band:6.5+, tsunami_cat:tsunami_tidak"
-4_100,8,"depth_class:shallow, depth_class:intermediate, depth_class:deep, mag_band:4.0-4.5, mag_band:4.5-5.5, mag_band:5.5-6.5, mag_band:6.5+, tsunami_cat:tsunami_tidak"
-10_121,8,"depth_class:intermediate, depth_class:shallow, depth_class:deep, mag_band:4.0-4.5, mag_band:4.5-5.5, mag_band:5.5-6.5, mag_band:6.5+, tsunami_cat:tsunami_tidak"
-3_126,8,"depth_class:shallow, depth_class:intermediate, depth_class:deep, mag_band:4.0-4.5, mag_band:4.5-5.5, mag_band:5.5-6.5, mag_band:6.5+, tsunami_cat:tsunami_tidak"
-2_123,8,"depth_class:shallow, depth_class:intermediate, depth_class:deep, mag_band:4.0-4.5, mag_band:4.5-5.5, mag_band:5.5-6.5, mag_band:6.5+, tsunami_cat:tsunami_tidak"
-5_132,8,"depth_class:shallow, depth_class:intermediate, depth_class:deep, mag_band:4.5-5.5, mag_band:4.0-4.5, mag_band:5.5-6.5, mag_band:6.5+, tsunami_cat:tsunami_tidak"
2_96,8,"depth_class:shallow, depth_class:intermediate, depth_class:deep, mag_band:4.0-4.5, mag_band:4.5-5.5, mag_band:5.5-6.5, mag_band:6.5+, tsunami_cat:tsunami_tidak"
-5_136,8,"depth_class:shallow, depth_class:intermediate, depth_class:deep, mag_band:4.0-4.5, mag_band:4.5-5.5, mag_band:5.5-6.5, mag_band:6.5+, tsunami_cat:tsunami_tidak"
-11_117,8,"depth_class:shallow, depth_class:intermediate, depth_class:deep, mag_band:4.0-4.5, mag_band:4.5-5.5, mag_band:5.5-6.5, mag_band:6.5+, tsunami_cat:tsunami_tidak"
-3_128,8,"depth_class:shallow, depth_class:intermediate, depth_class:deep, mag_band:4.0-4.5, mag_band:4.5-5.5, mag_band:5.5-6.5, mag_band:6.5+, tsunami_cat:tsunami_tidak"
-11_122,8,"depth_class:shallow, depth_class:intermediate, depth_class:deep, mag_band:4.0-4.5, mag_band:4.5-5.5, mag_band:5.5-6.5, mag_band:6.5+, tsunami_cat:tsunami_tidak"
-3_100,8,"depth_class:shallow, depth_class:intermediate, depth_class:deep, mag_band:4.0-4.5, mag_band:4.5-5.5, mag_band:5.5-6.5, mag_band:6.5+, tsunami_cat:tsunami_tidak"
-6_125,8,"depth_class:shallow, depth_class:deep, depth_class:intermediate, mag_band:4.0-4.5, mag_band:4.5-5.5, mag_band:5.5-6.5, mag_band:6.5+, tsunami_cat:tsunami_tidak"
-9_115,8,"depth_class:shallow, depth_class:intermediate, depth_class:deep, mag_band:4.0-4.5, mag_band:4.5-5.5, mag_band:5.5-6.5, mag_band:6.5+, tsunami_cat:tsunami_tidak"
2_132,8,"depth_class:shallow, depth_class:intermediate, depth_class:deep, mag_band:4.0-4.5, mag_band:4.5-5.5, mag_band:5.5-6.5, mag_band:6.5+, tsunami_cat:tsunami_tidak"
4_125,8,"depth_class:intermediate, depth_class:shallow, depth_class:deep, mag_band:4.0-4.5, mag_band:4.5-5.5, mag_band:5.5-6.5, mag_band:6.5+, tsunami_cat:tsunami_tidak"
-2_100,8,"depth_class:shallow, depth_class:intermediate, depth_class:deep, mag_band:4.0-4.5, mag_band:4.5-5.5, mag_band:5.5-6.5, mag_band:6.5+, tsunami_cat:tsunami_tidak"
-6_110,8,"depth_class:deep, depth_class:shallow, depth_class:intermediate, mag_band:4.0-4.5, mag_band:4.5-5.5, mag_band:6.5+, mag_band:5.5-6.5, tsunami_cat:tsunami_tidak"
-5_127,8,"depth_class:intermediate, depth_class:shallow, depth_class:deep, mag_band:4.0-4.5, mag_band:4.5-5.5, mag_band:5.5-6.5, mag_band:6.5+, tsunami_cat:tsunami_tidak"
5_137,8,"depth_class:shallow, depth_class:intermediate, depth_class:deep, mag_band:4.0-4.5, mag_band:4.5-5.5, mag_band:5.5-6.5, mag_band:6.5+, tsunami_cat:tsunami_tidak"
-3_102,8,"depth_class:intermediate, depth_class:shallow, depth_class:deep, mag_band:4.0-4.5, mag_band:4.5-5.5, mag_band:5.5-6.5, mag_band:6.5+, tsunami_cat:tsunami_tidak"
2_129,8,"depth_class:shallow, depth_class:intermediate, depth_class:deep, mag_band:4.0-4.5, mag_band:4.5-5.5, mag_band:5.5-6.5, mag_band:6.5+, tsunami_cat:tsunami_tidak"
1_125,8,"depth_class:shallow, depth_class:intermediate, depth_class:deep, mag_band:4.0-4.5, mag_band:4.5-5.5, mag_band:5.5-6.5, mag_band:6.5+, tsunami_cat:tsunami_tidak"
-3_118,8,"depth_class:shallow, depth_class:intermediate, depth_class:deep, mag_band:4.0-4.5, mag_band:5.5-6.5, mag_band:4.5-5.5, mag_band:6.5+, tsunami_cat:tsunami_tidak"
2_99,8,"depth_class:intermediate, depth_class:shallow, depth_class:deep, mag_band:4.0-4.5, mag_band:4.5-5.5, mag_band:5.5-6.5, mag_band:6.5+, tsunami_cat:tsunami_tidak"
-11_113,8,"depth_class:shallow, depth_class:intermediate, depth_class:deep, mag_band:4.0-4.5, mag_band:4.5-5.5, mag_band:5.5-6.5, mag_band:6.5+, tsunami_cat:tsunami_tidak"
-8_126,8,"depth_class:deep, depth_class:shallow, depth_class:intermediate, mag_band:4.0-4.5, mag_band:4.5-5.5, mag_band:5.5-6.5, mag_band:6.5+, tsunami_cat:tsunami_tidak"
-7_114,8,"depth_class:deep, depth_class:shallow, depth_class:intermediate, mag_band:4.0-4.5, mag_band:4.5-5.5, mag_band:5.5-6.5, mag_band:6.5+, tsunami_cat:tsunami_tidak"
-6_127,8,"depth_class:deep, depth_class:shallow, depth_class:intermediate, mag_band:4.0-4.5, mag_band:4.5-5.5, mag_band:5.5-6.5, mag_band:6.5+, tsunami_cat:tsunami_tidak"
-7_126,8,"depth_class:deep, depth_class:shallow, depth_class:intermediate, mag_band:4.0-4.5, mag_band:4.5-5.5, mag_band:5.5-6.5, mag_band:6.5+, tsunami_cat:tsunami_tidak"
-2_98,8,"depth_class:shallow, depth_class:intermediate, depth_class:deep, mag_band:4.0-4.5, mag_band:4.5-5.5, mag_band:5.5-6.5, mag_band:6.5+, tsunami_cat:tsunami_tidak"
-8_128,8,"depth_class:intermediate, depth_class:shallow, depth_class:deep, mag_band:4.0-4.5, mag_band:4.5-5.5, mag_band:5.5-6.5, mag_band:6.5+, tsunami_cat:tsunami_tidak"
2_124,8,"depth_class:intermediate, depth_class:deep, depth_class:shallow, mag_band:4.0-4.5, mag_band:4.5-5.5, mag_band:5.5-6.5, mag_band:6.5+, tsunami_cat:tsunami_tidak"
-1_131,8,"depth_class:shallow, depth_class:intermediate, depth_class:deep, mag_band:4.0-4.5, mag_band:4.5-5.5, mag_band:5.5-6.5, mag_band:6.5+, tsunami_cat:tsunami_tidak"
-8_127,8,"depth_class:intermediate, depth_class:shallow, depth_class:deep, mag_band:4.0-4.5, mag_band:4.5-5.5, mag_band:5.5-6.5, mag_band:6.5+, tsunami_cat:tsunami_tidak"
-9_122,8,"depth_class:intermediate, depth_class:shallow, depth_class:deep, mag_band:4.0-4.5, mag_band:4.5-5.5, mag_band:5.5-6.5, mag_band:6.5+, tsunami_cat:tsunami_tidak"
3_97,8,"depth_class:intermediate, depth_class:shallow, depth_class:deep, mag_band:4.0-4.5, mag_band:4.5-5.5, mag_band:5.5-6.5, mag_band:6.5+, tsunami_cat:tsunami_tidak"
-6_131,8,"depth_class:shallow, depth_class:intermediate, depth_class:deep, mag_band:4.0-4.5, mag_band:4.5-5.5, mag_band:5.5-6.5, mag_band:6.5+, tsunami_cat:tsunami_tidak"
-1_134,8,"depth_class:shallow, depth_class:intermediate, depth_class:deep, mag_band:4.0-4.5, mag_band:4.5-5.5, mag_band:5.5-6.5, mag_band:6.5+, tsunami_cat:tsunami_tidak"
-3_122,8,"depth_class:shallow, depth_class:intermediate, depth_class:deep, mag_band:4.0-4.5, mag_band:4.5-5.5, mag_band:5.5-6.5, mag_band:6.5+, tsunami_cat:tsunami_tidak"
-6_133,8,"depth_class:shallow, depth_class:intermediate, depth_class:deep, mag_band:4.0-4.5, mag_band:4.5-5.5, mag_band:5.5-6.5, mag_band:6.5+, tsunami_cat:tsunami_tidak"
0_96,8,"depth_class:shallow, depth_class:intermediate, depth_class:deep, mag_band:4.0-4.5, mag_band:4.5-5.5, mag_band:5.5-6.5, mag_band:6.5+, tsunami_cat:tsunami_tidak"
-4_136,8,"depth_class:shallow, depth_class:intermediate, depth_class:deep, mag_band:4.0-4.5, mag_band:4.5-5.5, mag_band:5.5-6.5, mag_band:6.5+, tsunami_cat:tsunami_tidak"
-7_127,8,"depth_class:deep, depth_class:shallow, depth_class:intermediate, mag_band:4.0-4.5, mag_band:4.5-5.5, mag_band:5.5-6.5, mag_band:6.5+, tsunami_cat:tsunami_tidak"
2_97,8,"depth_class:shallow, depth_class:intermediate, depth_class:deep, mag_band:4.0-4.5, mag_band:4.5-5.5, mag_band:5.5-6.5, mag_band:6.5+, tsunami_cat:tsunami_tidak"
-2_121,8,"depth_class:shallow, depth_class:intermediate, depth_class:deep, mag_band:4.0-4.5, mag_band:4.5-5.5, mag_band:5.5-6.5, mag_band:6.5+, tsunami_cat:tsunami_tidak"
-6_134,8,"depth_class:shallow, depth_class:intermediate, depth_class:deep, mag_band:4.0-4.5, mag_band:4.5-5.5, mag_band:5.5-6.5, mag_band:6.5+, tsunami_cat:tsunami_tidak"
-9_109,8,"depth_class:intermediate, depth_class:shallow, depth_class:deep, mag_band:4.0-4.5, mag_band:4.5-5.5, mag_band:5.5-6.5, mag_band:6.5+, tsunami_cat:tsunami_tidak"
-11_123,8,"depth_class:shallow, depth_class:intermediate, depth_class:deep, mag_band:4.0-4.5, mag_band:4.5-5.5, mag_band:5.5-6.5, mag_band:6.5+, tsunami_cat:tsunami_tidak"
-6_128,8,"depth_class:deep, depth_class:intermediate, depth_class:shallow, mag_band:4.0-4.5, mag_band:4.5-5.5, mag_band:5.5-6.5, mag_band:6.5+, tsunami_cat:tsunami_tidak"
1_128,8,"depth_class:shallow, depth_class:intermediate, depth_class:deep, mag_band:4.0-4.5, mag_band:4.5-5.5, mag_band:5.5-6.5, mag_band:6.5+, tsunami_cat:tsunami_tidak"
-9_112,8,"depth_class:intermediate, depth_class:shallow, depth_class:deep, mag_band:4.0-4.5, mag_band:4.5-5.5, mag_band:5.5-6.5, mag_band:6.5+, tsunami_cat:tsunami_tidak"
-4_127,8,"depth_class:shallow, depth_class:intermediate, depth_class:deep, mag_band:4.0-4.5, mag_band:4.5-5.5, mag_band:5.5-6.5, mag_band:6.5+, tsunami_cat:tsunami_tidak"
-6_105,8,"depth_class:intermediate, depth_class:shallow, depth_class:deep, mag_band:4.0-4.5, mag_band:4.5-5.5, mag_band:5.5-6.5, mag_band:6.5+, tsunami_cat:tsunami_tidak"
-7_103,8,"depth_class:shallow, depth_class:intermediate, depth_class:deep, mag_band:4.0-4.5, mag_band:4.5-5.5, mag_band:5.5-6.5, mag_band:6.5+, tsunami_cat:tsunami_tidak"
1_97,8,"depth_class:shallow, depth_class:intermediate, depth_class:deep, mag_band:4.0-4.5, mag_band:4.5-5.5, mag_band:5.5-6.5, mag_band:6.5+, tsunami_cat:tsunami_tidak"
-4_130,8,"depth_class:shallow, depth_class:intermediate, depth_class:deep, mag_band:4.0-4.5, mag_band:4.5-5.5, mag_band:5.5-6.5, mag_band:6.5+, tsunami_cat:tsunami_tidak"
3_128,8,"depth_class:shallow, depth_class:intermediate, depth_class:deep, mag_band:4.0-4.5, mag_band:4.5-5.5, mag_band:5.5-6.5, mag_band:6.5+, tsunami_cat:tsunami_tidak"
-1_99,8,"depth_class:shallow, depth_class:intermediate, depth_class:deep, mag_band:4.5-5.5, mag_band:4.0-4.5, mag_band:5.5-6.5, mag_band:6.5+, tsunami_cat:tsunami_tidak"
-10_112,8,"depth_class:shallow, depth_class:intermediate, depth_class:deep, mag_band:4.0-4.5, mag_band:4.5-5.5, mag_band:5.5-6.5, mag_band:6.5+, tsunami_cat:tsunami_tidak"
-3_120,8,"depth_class:shallow, depth_class:intermediate, depth_class:deep, mag_band:4.0-4.5, mag_band:4.5-5.5, mag_band:5.5-6.5, mag_band:6.5+, tsunami_cat:tsunami_tidak"
-11_110,8,"depth_class:shallow, depth_class:intermediate, depth_class:deep, mag_band:4.0-4.5, mag_band:4.5-5.5, mag_band:5.5-6.5, mag_band:6.5+, tsunami_cat:tsunami_tidak"
-2_127,8,"depth_class:shallow, depth_class:intermediate, depth_class:deep, mag_band:4.0-4.5, mag_band:4.5-5.5, mag_band:5.5-6.5, mag_band:6.5+, tsunami_cat:tsunami_tidak"
-7_112,8,"depth_class:deep, depth_class:shallow, depth_class:intermediate, mag_band:4.0-4.5, mag_band:4.5-5.5, mag_band:6.5+, mag_band:5.5-6.5, tsunami_cat:tsunami_tidak"
-1_129,8,"depth_class:shallow, depth_class:intermediate, depth_class:deep, mag_band:4.0-4.5, mag_band:4.5-5.5, mag_band:5.5-6.5, mag_band:6.5+, tsunami_cat:tsunami_tidak"
0_98,8,"depth_class:shallow, depth_class:intermediate, depth_class:deep, mag_band:4.0-4.5, mag_band:4.5-5.5, mag_band:5.5-6.5, mag_band:6.5+, tsunami_cat:tsunami_tidak"
-9_104,8,"depth_class:shallow, depth_class:intermediate, depth_class:deep, mag_band:4.0-4.5, mag_band:4.5-5.5, mag_band:5.5-6.5, mag_band:6.5+, tsunami_cat:tsunami_tidak"
-8_107,8,"depth_class:shallow, depth_class:intermediate, depth_class:deep, mag_band:4.0-4.5, mag_band:4.5-5.5, mag_band:5.5-6.5, mag_band:6.5+, tsunami_cat:tsunami_tidak"
-1_97,8,"depth_class:shallow, depth_class:intermediate, depth_class:deep, mag_band:4.0-4.5, mag_band:4.5-5.5, mag_band:5.5-6.5, mag_band:6.5+, tsunami_cat:tsunami_tidak"
-4_129,8,"depth_class:shallow, depth_class:intermediate, depth_class:deep, mag_band:4.0-4.5, mag_band:4.5-5.5, mag_band:5.5-6.5, mag_band:6.5+, tsunami_cat:tsunami_tidak"
-5_139,8,"depth_class:shallow, depth_class:intermediate, depth_class:deep, mag_band:4.0-4.5, mag_band:4.5-5.5, mag_band:5.5-6.5, mag_band:6.5+, tsunami_cat:tsunami_tidak"
-3_140,8,"depth_class:shallow, depth_class:intermediate, depth_class:deep, mag_band:4.0-4.5, mag_band:4.5-5.5, mag_band:5.5-6.5, mag_band:6.5+, tsunami_cat:tsunami_tidak"
0_100,8,"depth_class:intermediate, depth_class:shallow, depth_class:deep, mag_band:4.0-4.5, mag_band:4.5-5.5, mag_band:5.5-6.5, mag_band:6.5+, tsunami_cat:tsunami_tidak"
-9_105,8,"depth_class:shallow, depth_class:intermediate, depth_class:deep, mag_band:4.0-4.5, mag_band:4.5-5.5, mag_band:5.5-6.5, mag_band:6.5+, tsunami_cat:tsunami_tidak"
-1_125,8,"depth_class:shallow, depth_class:intermediate, depth_class:deep, mag_band:4.0-4.5, mag_band:4.5-5.5, mag_band:5.5-6.5, mag_band:6.5+, tsunami_cat:tsunami_tidak"
-11_118,8,"depth_class:shallow, depth_class:intermediate, depth_class:deep, mag_band:4.0-4.5, mag_band:4.5-5.5, mag_band:5.5-6.5, mag_band:6.5+, tsunami_cat:tsunami_tidak"
-4_101,8,"depth_class:shallow, depth_class:intermediate, depth_class:deep, mag_band:4.0-4.5, mag_band:4.5-5.5, mag_band:5.5-6.5, mag_band:6.5+, tsunami_cat:tsunami_tidak"
-3_101,8,"depth_class:intermediate, depth_class:shallow, depth_class:deep, mag_band:4.0-4.5, mag_band:4.5-5.5, mag_band:5.5-6.5, mag_band:6.5+, tsunami_cat:tsunami_tidak"
1_96,8,"depth_class:shallow, depth_class:intermediate, depth_class:deep, mag_band:4.0-4.5, mag_band:4.5-5.5, mag_band:5.5-6.5, mag_band:6.5+, tsunami_cat:tsunami_tidak"
-9_134,8,"depth_class:shallow, depth_class:intermediate, depth_class:deep, mag_band:4.5-5.5, mag_band:4.0-4.5, mag_band:5.5-6.5, mag_band:6.5+, tsunami_cat:tsunami_tidak"
-10_124,8,"depth_class:shallow, depth_class:intermediate, depth_class:deep, mag_band:4.0-4.5, mag_band:4.5-5.5, mag_band:5.5-6.5, mag_band:6.5+, tsunami_cat:tsunami_tidak"
-8_117,8,"depth_class:shallow, depth_class:deep, depth_class:intermediate, mag_band:4.0-4.5, mag_band:4.5-5.5, mag_band:5.5-6.5, mag_band:6.5+, tsunami_cat:tsunami_tidak"
-1_127,8,"depth_class:shallow, depth_class:intermediate, depth_class:deep, mag_band:4.0-4.5, mag_band:4.5-5.5, mag_band:5.5-6.5, mag_band:6.5+, tsunami_cat:tsunami_tidak"
3_127,8,"depth_class:shallow, depth_class:intermediate, depth_class:deep, mag_band:4.0-4.5, mag_band:4.5-5.5, mag_band:5.5-6.5, mag_band:6.5+, tsunami_cat:tsunami_tidak"
-7_120,8,"depth_class:shallow, depth_class:intermediate, depth_class:deep, mag_band:4.5-5.5, mag_band:4.0-4.5, mag_band:5.5-6.5, mag_band:6.5+, tsunami_cat:tsunami_tidak"
-10_116,8,"depth_class:shallow, depth_class:intermediate, depth_class:deep, mag_band:4.0-4.5, mag_band:4.5-5.5, mag_band:5.5-6.5, mag_band:6.5+, tsunami_cat:tsunami_tidak"
2_95,8,"depth_class:shallow, depth_class:intermediate, depth_class:deep, mag_band:4.0-4.5, mag_band:4.5-5.5, mag_band:5.5-6.5, mag_band:6.5+, tsunami_cat:tsunami_tidak"
-9_108,8,"depth_class:intermediate, depth_class:shallow, depth_class:deep, mag_band:4.0-4.5, mag_band:4.5-5.5, mag_band:5.5-6.5, mag_band:6.5+, tsunami_cat:tsunami_tidak"
-8_120,8,"depth_class:deep, depth_class:shallow, depth_class:intermediate, mag_band:4.0-4.5, mag_band:4.5-5.5, mag_band:5.5-6.5, mag_band:6.5+, tsunami_cat:tsunami_tidak"
-6_129,8,"depth_class:intermediate, depth_class:shallow, depth_class:deep, mag_band:4.0-4.5, mag_band:4.5-5.5, mag_band:5.5-6.5, mag_band:6.5+, tsunami_cat:tsunami_tidak"
-11_116,8,"depth_class:shallow, depth_class:intermediate, depth_class:deep, mag_band:4.0-4.5, mag_band:4.5-5.5, mag_band:5.5-6.5, mag_band:6.5+, tsunami_cat:tsunami_tidak"
-9_119,8,"depth_class:intermediate, depth_class:shallow, depth_class:deep, mag_band:4.0-4.5, mag_band:4.5-5.5, mag_band:5.5-6.5, mag_band:6.5+, tsunami_cat:tsunami_tidak"
